"Title:","Vehicles in Fatal Crashes, by Vehicle Make / Model Year from the Fatal Traffic Accidents: Vehicles Involved Database"
"SubTitle:","USA - Model: All Models - Vehicle Year: All Vehicle Years"
"Time:","01/1975 - 12/2020"
"Unit of Measure:","#","#","#","#","#","#","#","#","#","#","#","#","#","#"
"Citation:","National Highway Traffic Safety Administration (2022-05-06). Fatal Traffic Accidents: Vehicles Involved: Vehicles in Fatal Crashes, by Vehicle Make / Model Year | All Types | Automobiles | Motorcycles | All Makes | Cadillac | Ford | Honda | Kia | Toyota | All Models | All Vehicle Years, 01/1975 - 12/2020. Data Planet? Statistical Datasets: A SAGE Publishing Resource. (Dataset). Dataset-ID:  023-004-006 doi:https://doi.org/10.6068/DP1845DDC34BC56"
"ColumnCount:",15
"RowCount:",552

"Time","All Types, All Makes, All Models, All Vehicle Years, #","All Types, Cadillac, All Models, All Vehicle Years, #","All Types, Ford, All Models, All Vehicle Years, #","All Types, Honda, All Models, All Vehicle Years, #","All Types, Kia, All Models, All Vehicle Years, #","All Types, Toyota, All Models, All Vehicle Years, #","Automobiles, All Makes, All Models, All Vehicle Years, #","Automobiles, Cadillac, All Models, All Vehicle Years, #","Automobiles, Ford, All Models, All Vehicle Years, #","Automobiles, Honda, All Models, All Vehicle Years, #","Automobiles, Kia, All Models, All Vehicle Years, #","Automobiles, Toyota, All Models, All Vehicle Years, #","Motorcycles, All Makes, All Models, All Vehicle Years, #","Motorcycles, Honda, All Models, All Vehicle Years, #"
"01/1975",7606,90,1624,48,,92,7446,90,1598,48,,88,,
"02/1975",7018,108,1396,68,,84,6920,102,1392,64,,84,,
"03/1975",8156,112,1722,72,,92,8002,112,1694,68,,90,,
"04/1975",8144,114,1604,104,,110,7952,114,1578,104,,110,,
"05/1975",9964,130,1936,176,,146,9682,130,1886,172,,140,,
"06/1975",10114,138,1860,206,,140,9830,136,1824,204,,136,,
"07/1975",10462,156,2014,212,,114,10188,156,1980,210,,112,,
"08/1975",10742,144,2044,176,,146,10450,142,2002,166,,146,,
"09/1975",9750,136,1964,198,,106,9490,134,1912,198,,104,,
"10/1975",9916,130,1998,148,,128,9614,128,1954,146,,128,,
"11/1975",9722,144,2034,132,,122,9470,144,1976,128,,120,,
"12/1975",9468,134,1954,80,,128,9264,134,1914,80,,128,,
"01/1976",7498,112,1528,46,,86,7342,110,1488,46,,86,,
"02/1976",7402,122,1618,74,,118,7248,122,1594,74,,116,,
"03/1976",7868,124,1578,108,,94,7698,124,1554,106,,94,,
"04/1976",8682,106,1692,112,,130,8464,104,1670,112,,128,,
"05/1976",10150,134,2002,210,,136,9930,132,1962,206,,134,,
"06/1976",9750,142,1910,150,,160,9494,138,1856,144,,160,,
"07/1976",11222,144,2188,230,,154,10956,134,2158,228,,150,,
"08/1976",10714,118,2148,248,,154,10506,118,2114,246,,152,,
"09/1976",9900,126,1974,190,,132,9736,120,1944,188,,132,,
"10/1976",10506,164,2034,146,,150,10282,160,1986,144,,148,,
"11/1976",8676,120,1860,122,,136,8512,120,1840,122,,130,,
"12/1976",9800,158,1960,114,,162,9668,156,1936,114,,160,,
"01/1977",7026,136,1448,104,10,148,6916,132,1438,104,10,146,,
"02/1977",7342,78,1552,96,38,122,7202,76,1538,96,38,118,,
"03/1977",8820,120,1916,188,78,132,8658,118,1890,188,78,132,,
"04/1977",9358,138,1856,268,98,136,9216,138,1834,268,98,136,,
"05/1977",10172,134,1978,378,186,182,10022,134,1946,378,186,182,,
"06/1977",10940,140,2034,392,172,184,10702,136,1992,392,172,184,,
"07/1977",12304,102,2320,602,282,250,12008,100,2280,602,282,244,,
"08/1977",11718,118,2258,416,182,208,11528,118,2224,416,182,202,,
"09/1977",10670,130,2018,346,142,176,10430,128,1972,346,142,176,,
"10/1977",11464,106,2320,294,108,186,11248,102,2296,294,108,180,,
"11/1977",10518,150,2246,196,70,194,10346,148,2200,196,70,192,,
"12/1977",10698,154,2182,130,42,200,10556,154,2156,130,42,200,,
"01/1978",7140,108,1446,94,18,112,7010,108,1438,94,18,110,,
"02/1978",6914,130,1460,116,26,128,6748,130,1450,116,26,126,,
"03/1978",9068,134,1790,158,56,196,8936,134,1774,158,56,192,,
"04/1978",9946,134,2006,312,118,156,9788,134,1982,312,118,156,,
"05/1978",11122,164,1952,456,210,194,10908,164,1928,456,210,190,,
"06/1978",11918,174,2246,510,220,220,11664,174,2216,510,220,220,,
"07/1978",12576,152,2276,566,218,226,12250,152,2230,562,218,226,,
"08/1978",12632,178,2290,548,228,236,12404,178,2268,548,228,234,,
"09/1978",12204,156,2358,458,184,210,11972,156,2328,458,184,210,,
"10/1978",12038,162,2424,310,124,226,11788,162,2392,310,124,224,,
"11/1978",11308,132,2304,228,74,258,11140,130,2296,226,74,254,,
"12/1978",11422,174,2324,202,38,258,11214,172,2308,202,38,252,,
"01/1979",8192,138,1590,122,28,192,8080,138,1582,122,28,192,,
"02/1979",8318,110,1704,122,38,196,8194,110,1686,122,38,196,,
"03/1979",10402,156,1958,264,70,242,10254,156,1948,264,70,236,,
"04/1979",10404,144,1898,350,136,230,10258,144,1880,350,136,228,,
"05/1979",10982,116,1980,478,230,218,10802,116,1962,478,230,216,,
"06/1979",11226,134,2038,524,254,226,10968,128,2018,520,254,224,,
"07/1979",11802,138,2090,516,268,234,11596,138,2064,516,268,230,,
"08/1979",11882,130,2248,542,230,280,11716,130,2230,542,230,280,,
"09/1979",11684,140,2252,430,212,266,11556,140,2234,430,212,264,,
"10/1979",11750,200,2182,276,118,212,11590,200,2160,276,118,212,,
"11/1979",11124,134,2168,198,62,248,10958,134,2150,198,62,246,,
"12/1979",11758,194,2340,220,44,272,11632,194,2330,220,44,268,,
"01/1980",8668,96,1794,128,30,214,8600,96,1784,128,30,212,,
"02/1980",8194,128,1560,166,52,192,8126,128,1556,166,52,192,,
"03/1980",9070,108,1768,218,100,222,8994,108,1758,218,100,222,,
"04/1980",9452,118,1806,344,132,248,9358,118,1792,342,132,246,,
"05/1980",11248,152,2042,522,212,300,11146,152,2034,522,212,300,,
"06/1980",11972,140,2168,536,270,262,11860,140,2156,536,270,262,,
"07/1980",11902,144,2074,580,252,314,11788,144,2062,580,252,312,,
"08/1980",13202,186,2246,590,250,352,13070,186,2222,590,250,350,,
"09/1980",11112,136,2004,458,218,278,11004,136,1990,458,218,278,,
"10/1980",10898,170,2050,286,110,322,10790,170,2040,286,110,322,,
"11/1980",10608,144,2050,228,70,310,10534,144,2046,228,70,308,,
"12/1980",10644,176,2040,172,42,282,10586,176,2032,172,42,280,,
"01/1981",9080,132,1756,158,44,250,8888,132,1732,154,44,250,,
"02/1981",8682,142,1672,208,56,268,8556,142,1654,206,56,268,,
"03/1981",9312,140,1786,278,88,316,9174,140,1766,272,88,314,,
"04/1981",9872,138,1772,346,178,282,9708,138,1752,342,178,280,,
"05/1981",10690,152,1908,382,240,276,10528,152,1892,378,240,276,,
"06/1981",11108,128,1860,442,238,320,10904,128,1840,436,238,318,,
"07/1981",11952,170,1998,570,206,316,11728,170,1982,560,206,314,,
"08/1981",12442,146,2190,592,250,384,12218,146,2170,588,250,384,,
"09/1981",10852,170,2006,482,168,318,10660,170,1984,476,168,316,,
"10/1981",10900,156,2008,298,134,318,10734,156,1994,294,134,318,,
"11/1981",10162,146,1928,240,68,350,10008,146,1906,240,68,350,,
"12/1981",10346,164,1974,200,40,354,10222,164,1956,200,40,350,,
"01/1982",7652,106,1412,156,28,244,7542,106,1412,156,28,244,,
"02/1982",7282,110,1254,194,48,252,7202,110,1254,194,48,252,,
"03/1982",8612,106,1550,244,78,258,8514,106,1550,244,78,258,,
"04/1982",9158,130,1562,294,130,296,9080,130,1562,294,130,296,,
"05/1982",9886,138,1612,478,174,310,9776,138,1612,478,174,310,,
"06/1982",9872,130,1690,410,184,280,9750,130,1690,410,184,280,,
"07/1982",10698,94,1798,474,264,286,10532,94,1798,474,264,286,,
"08/1982",10696,110,1888,498,228,306,10554,110,1886,498,228,306,,
"09/1982",10006,112,1702,390,174,280,9892,112,1702,390,174,280,,
"10/1982",10364,136,1868,306,118,288,10242,136,1868,306,118,288,,
"11/1982",9114,154,1592,198,54,316,9006,154,1590,198,54,316,,
"12/1982",9570,130,1728,218,48,316,9454,130,1728,218,48,316,,
"01/1983",7440,116,1436,198,38,264,7346,116,1434,198,38,264,,
"02/1983",7056,110,1308,172,30,256,6966,110,1306,172,30,256,,
"03/1983",7848,126,1514,196,90,314,7758,126,1514,196,90,314,,
"04/1983",8428,106,1530,312,124,278,8304,106,1530,312,124,278,,
"05/1983",9382,112,1614,410,158,294,9282,112,1608,410,158,290,,
"06/1983",9546,110,1688,426,208,292,9460,110,1686,426,208,290,,
"07/1983",10548,126,1816,562,244,360,10380,126,1814,562,244,360,,
"08/1983",10620,112,1804,550,192,320,10498,112,1802,550,192,318,,
"09/1983",10282,144,1730,464,178,348,10140,144,1730,464,178,348,,
"10/1983",10244,168,1704,368,136,340,10106,168,1704,368,136,340,,
"11/1983",9386,144,1742,230,56,330,9262,144,1740,230,56,330,,
"12/1983",9432,136,1598,238,58,398,9314,136,1596,238,58,396,,
"01/1984",7586,106,1450,206,46,278,7498,106,1450,206,46,278,,
"02/1984",7416,98,1292,234,56,244,7362,98,1292,234,56,244,,
"03/1984",8610,128,1510,300,84,332,8544,128,1510,300,84,332,,
"04/1984",8470,126,1456,308,140,334,8398,126,1456,308,140,332,,
"05/1984",9878,120,1790,500,168,318,9784,120,1790,500,168,318,,
"06/1984",10776,146,1818,558,232,358,10706,146,1818,558,232,358,,
"07/1984",10972,168,1874,568,182,412,10892,168,1874,568,182,412,,
"08/1984",11124,140,1768,638,224,382,11010,140,1766,638,224,380,,
"09/1984",10718,142,1784,578,176,390,10622,142,1784,578,176,390,,
"10/1984",10576,116,1810,398,130,342,10494,116,1808,398,130,342,,
"11/1984",9834,124,1888,268,64,336,9736,124,1888,268,64,336,,
"12/1984",9984,134,1780,360,52,380,9882,134,1780,360,52,380,,
"01/1985",8092,122,1438,176,40,330,8026,122,1438,176,40,330,,
"02/1985",7320,100,1334,220,52,322,7242,100,1334,220,52,322,,
"03/1985",8614,108,1398,374,90,346,8540,108,1398,374,90,346,,
"04/1985",9220,136,1574,494,162,338,9154,136,1574,494,162,338,,
"05/1985",10412,162,1762,590,184,426,10356,162,1762,590,184,426,,
"06/1985",10958,156,1762,622,232,378,10888,156,1762,620,232,378,,
"07/1985",10780,102,1700,692,208,390,10694,102,1700,692,208,390,,
"08/1985",11314,138,1892,590,226,462,11220,138,1892,588,226,462,,
"09/1985",10068,112,1882,488,162,388,9992,112,1878,488,162,386,,
"10/1985",10240,148,1824,428,124,422,10150,148,1824,428,124,422,,
"11/1985",10158,106,1864,308,82,428,10056,106,1860,308,82,428,,
"12/1985",9366,130,1754,238,58,338,9262,130,1754,238,58,336,,
"01/1986",8254,98,1444,226,52,368,8170,98,1444,226,52,366,,
"02/1986",7296,108,1306,218,74,316,7248,108,1306,218,74,316,,
"03/1986",8990,112,1566,356,112,412,8918,112,1564,354,112,412,,
"04/1986",9142,118,1646,406,160,384,9078,118,1646,406,160,384,,
"05/1986",10806,140,1900,540,170,452,10694,140,1900,536,170,452,,
"06/1986",11232,134,1944,602,198,402,11122,134,1944,598,198,402,,
"07/1986",11542,144,1906,704,204,448,11458,144,1906,704,204,448,,
"08/1986",12368,176,2050,636,208,482,12272,176,2046,636,208,480,,
"09/1986",10596,164,1748,488,170,436,10512,164,1746,488,170,436,,
"10/1986",10922,138,1908,386,134,500,10842,138,1908,386,134,500,,
"11/1986",10300,144,1786,384,76,446,10222,144,1786,384,76,446,,
"12/1986",10136,170,1810,314,60,430,10060,170,1810,314,60,428,,
"01/1987",8314,102,1474,238,28,352,8236,102,1474,238,28,352,,
"02/1987",7734,106,1420,244,38,300,7684,106,1420,244,38,300,,
"03/1987",8892,106,1470,338,76,450,8844,106,1470,338,76,450,,
"04/1987",9278,160,1520,412,112,416,9214,160,1518,412,112,416,,
"05/1987",10670,168,1774,584,192,478,10588,168,1774,584,192,478,,
"06/1987",11024,144,1822,574,172,390,10944,144,1822,574,172,390,,
"07/1987",11324,140,1932,612,210,510,11252,140,1932,612,210,510,,
"08/1987",12316,150,2168,596,186,488,12228,150,2168,596,186,486,,
"09/1987",10970,132,1912,514,138,506,10896,132,1912,514,138,506,,
"10/1987",11780,172,2120,486,90,514,11690,172,2120,484,90,514,,
"11/1987",10692,160,1988,350,56,458,10614,160,1988,350,56,458,,
"12/1987",10678,152,1960,338,50,496,10590,152,1960,338,50,496,,
"01/1988",8550,126,1544,214,50,386,8470,126,1544,214,50,386,,
"02/1988",8082,124,1378,274,48,410,8028,124,1378,274,48,410,,
"03/1988",9260,130,1740,348,80,432,9224,130,1740,348,80,432,,
"04/1988",9808,112,1734,428,110,420,9772,112,1734,428,110,420,,
"05/1988",10644,132,1928,510,158,488,10592,132,1928,510,158,488,,
"06/1988",11136,136,1984,542,164,472,11100,136,1984,542,164,472,,
"07/1988",11648,130,2062,524,146,494,11574,130,2058,524,146,494,,
"08/1988",11734,130,1950,600,166,572,11682,130,1950,600,166,572,,
"09/1988",11228,140,2004,506,142,478,11142,140,2002,506,142,478,,
"10/1988",11568,152,2176,436,110,520,11502,152,2176,436,110,518,,
"11/1988",10454,142,1918,342,48,482,10410,142,1918,342,48,482,,
"12/1988",11294,154,1984,308,56,578,11232,154,1984,308,56,578,,
"01/1989",9020,124,1622,288,40,432,8942,124,1622,288,40,432,,
"02/1989",7982,128,1446,238,32,428,7934,128,1444,238,32,428,,
"03/1989",9470,136,1640,358,58,492,9420,136,1640,358,58,490,,
"04/1989",9576,128,1784,402,136,444,9538,128,1784,402,136,444,,
"05/1989",10170,116,1824,490,130,530,10118,116,1824,490,130,530,,
"06/1989",10364,138,1844,446,142,490,10282,138,1844,446,142,488,,
"07/1989",11218,140,1914,576,136,514,11152,140,1914,576,136,514,,
"08/1989",11042,118,1946,500,162,538,10974,118,1946,500,162,538,,
"09/1989",10886,132,1978,464,94,524,10816,132,1976,464,94,522,,
"10/1989",11154,156,1964,416,108,542,11074,156,1964,416,108,542,,
"11/1989",9886,144,1858,346,52,498,9798,144,1858,346,52,498,,
"12/1989",10972,144,2074,360,34,542,10892,144,2074,360,34,542,,
"01/1990",8770,112,1666,248,36,490,8698,112,1666,248,36,490,,
"02/1990",7910,114,1436,250,22,384,7858,114,1436,250,22,384,,
"03/1990",9364,128,1704,368,72,502,9306,128,1704,368,72,502,,
"04/1990",9296,130,1650,408,66,422,9238,130,1648,408,66,422,,
"05/1990",10112,152,1812,428,144,476,10040,152,1812,428,144,472,,
"06/1990",10726,154,1840,530,144,544,10678,154,1840,530,144,544,,
"07/1990",11324,160,2058,574,164,590,11234,160,2056,574,164,588,,
"08/1990",11130,124,1964,544,178,532,11068,124,1964,544,178,532,,
"09/1990",10544,120,1836,514,100,470,10472,120,1836,514,100,470,,
"10/1990",10176,118,1892,390,92,610,10118,118,1892,390,92,608,,
"11/1990",9656,108,1772,372,68,486,9602,108,1772,372,68,484,,
"12/1990",9576,156,1764,330,34,576,9510,156,1760,330,34,576,,
"01/1991",7338,118,1426,192,,374,4308,118,650,152,,228,72,20
"02/1991",7294,106,1378,188,,422,4318,106,674,138,,266,90,28
"03/1991",8494,116,1474,282,,508,5128,116,732,180,,326,138,48
"04/1991",8142,96,1498,354,,420,4716,96,690,186,,264,226,98
"05/1991",9586,130,1764,482,,506,5446,130,894,224,,354,428,156
"06/1991",10136,102,1834,540,,462,5562,102,844,232,,274,444,180
"07/1991",10310,132,1818,486,,548,5552,132,808,210,,322,510,172
"08/1991",10732,148,1912,498,,554,5924,148,870,238,,356,514,162
"09/1991",9620,114,1702,412,,476,5410,114,806,202,,284,386,132
"10/1991",9762,128,1784,358,,492,5500,128,852,232,,310,284,88
"11/1991",9472,114,1764,316,,530,5630,114,822,246,,348,162,52
"12/1991",8704,102,1726,278,,476,5268,102,886,224,,276,106,34
"01/1992",7598,106,1370,216,,428,4496,106,670,176,,268,116,34
"02/1992",7178,100,1314,238,,368,4280,100,606,194,,226,122,22
"03/1992",7432,108,1282,286,,384,4420,108,676,198,,226,208,64
"04/1992",7762,116,1354,314,,382,4388,116,664,180,,232,312,102
"05/1992",9096,154,1512,410,,424,5158,154,694,216,,302,484,132
"06/1992",9510,144,1668,436,,454,5228,144,790,204,,310,504,186
"07/1992",9340,150,1736,382,,474,5128,150,814,182,,302,410,122
"08/1992",9832,152,1818,424,,492,5462,152,868,216,,296,498,154
"09/1992",8694,104,1602,368,,422,4704,104,708,192,,248,386,120
"10/1992",10104,150,1766,402,,512,5788,150,848,274,,346,306,78
"11/1992",8796,118,1646,362,,474,5238,118,730,254,,314,192,70
"12/1992",9112,106,1776,312,,518,5434,106,824,268,,314,96,26
"01/1993",7498,116,1374,240,,368,4410,116,642,192,,254,134,46
"02/1993",6994,100,1234,234,,390,4148,100,590,194,,252,142,36
"03/1993",7946,98,1410,260,,400,4578,98,640,198,,254,234,56
"04/1993",8102,104,1458,334,,416,4578,104,674,176,,282,430,148
"05/1993",9308,140,1674,398,,508,5188,140,720,218,,312,606,170
"06/1993",9070,144,1614,404,,522,4946,144,708,232,,348,560,156
"07/1993",10202,132,1820,492,,498,5494,132,834,274,,286,736,202
"08/1993",10268,148,1734,486,,564,5412,148,736,252,,356,726,218
"09/1993",9548,132,1706,420,,474,5122,132,756,238,,306,616,174
"10/1993",10300,132,1918,392,,568,5994,132,926,266,,358,418,110
"11/1993",9292,132,1794,332,,456,5308,132,808,272,,280,212,54
"12/1993",9026,116,1764,260,,520,5338,116,850,218,,346,130,38
"01/1994",7634,122,1476,254,,420,4264,122,694,194,,256,132,52
"02/1994",7102,90,1340,264,,422,3926,90,594,212,,272,156,50
"03/1994",8116,96,1456,324,,418,4602,96,688,232,,254,288,84
"04/1994",8720,106,1558,378,,456,4838,106,730,240,,288,416,130
"05/1994",9298,142,1740,406,,474,5078,142,816,234,,308,578,150
"06/1994",9214,110,1668,480,,484,4906,110,750,284,,306,548,182
"07/1994",10052,138,1866,460,,524,5336,138,760,256,,360,700,190
"08/1994",10228,144,1882,474,,574,5484,144,836,272,,382,588,190
"09/1994",9624,98,1784,468,,496,5208,98,760,290,,320,504,160
"10/1994",10372,132,1960,412,,546,5692,132,844,292,,340,440,114
"11/1994",9506,120,1868,338,,528,5364,120,898,288,,328,186,46
"12/1994",9956,124,1852,362,,540,5850,124,862,308,,346,144,50
"01/1995",8298,86,1602,244,4,424,4634,86,730,198,4,258,110,36
"02/1995",7494,92,1444,280,4,452,4358,92,668,238,4,286,142,38
"03/1995",8682,118,1672,346,2,470,4846,118,770,262,2,284,250,78
"04/1995",8582,122,1636,388,2,460,4840,122,716,258,2,306,366,122
"05/1995",9058,100,1746,424,,474,4932,100,778,246,,306,528,162
"06/1995",9842,100,1700,436,2,554,5206,100,746,246,2,336,586,172
"07/1995",10122,130,1860,492,4,572,5360,130,808,266,4,356,618,210
"08/1995",10852,98,2002,562,2,618,5728,98,846,360,2,374,648,186
"09/1995",10194,114,1862,442,,514,5498,114,792,284,,312,504,150
"10/1995",10590,134,2014,452,2,526,5672,134,878,296,2,328,440,140
"11/1995",9630,140,1882,376,2,534,5360,140,818,318,2,322,190,46
"12/1995",9704,186,1854,368,2,542,5450,186,754,322,2,334,150,40
"01/1996",8414,110,1682,300,,432,4452,110,738,252,,254,152,44
"02/1996",8074,88,1512,274,4,398,4400,88,604,222,2,250,162,44
"03/1996",8764,106,1642,322,4,498,4814,106,734,244,4,306,212,68
"04/1996",8952,102,1716,376,,464,4986,102,756,272,,312,370,100
"05/1996",9318,126,1718,436,2,482,4938,126,744,280,2,302,490,142
"06/1996",10228,112,1826,470,8,578,5194,112,764,268,6,338,674,172
"07/1996",9590,122,1814,446,6,510,4998,122,798,260,4,288,514,170
"08/1996",10570,120,2008,484,6,496,5374,120,848,292,6,318,628,168
"09/1996",9874,146,1812,474,4,570,5284,146,796,290,4,360,494,160
"10/1996",10606,130,1950,486,8,558,5732,130,848,350,8,390,386,124
"11/1996",10102,112,1870,404,4,536,5590,112,768,348,2,320,144,46
"12/1996",10202,120,1946,390,2,578,5732,120,890,350,2,366,118,34
"01/1997",8752,92,1672,276,2,498,4830,92,714,250,2,276,104,26
"02/1997",7720,82,1546,324,,454,4186,82,650,262,,294,164,50
"03/1997",8576,116,1622,392,,476,4632,116,688,316,,310,268,64
"04/1997",8734,140,1690,354,8,468,4652,140,698,272,8,294,326,74
"05/1997",10174,146,2018,480,14,564,5328,146,868,298,8,342,484,148
"06/1997",9908,102,1858,514,10,538,5036,102,776,324,10,344,604,168
"07/1997",10252,124,2010,542,14,496,5244,124,828,322,12,316,582,194
"08/1997",10578,120,2038,532,6,538,5394,120,798,334,4,320,574,170
"09/1997",9432,88,1708,442,14,474,4762,88,728,298,10,284,464,118
"10/1997",10318,118,1938,436,2,532,5388,118,846,306,2,330,430,112
"11/1997",9600,118,1914,368,12,524,5132,118,796,314,6,316,182,40
"12/1997",10076,162,2008,338,6,524,5544,162,904,296,2,296,126,28
"01/1998",8510,114,1616,288,6,454,4514,114,652,260,6,280,124,18
"02/1998",7700,98,1530,316,14,458,4194,98,638,248,8,290,146,54
"03/1998",8508,136,1666,324,12,406,4478,136,680,244,8,254,216,68
"04/1998",8524,106,1646,398,8,450,4446,106,706,286,2,292,354,96
"05/1998",9540,112,1810,450,6,522,4798,112,768,286,2,300,558,152
"06/1998",9544,112,1892,446,4,454,4680,112,712,280,4,250,508,142
"07/1998",10430,136,2016,540,14,518,5144,136,796,318,14,312,714,202
"08/1998",10946,128,2110,512,12,606,5358,128,818,344,10,328,668,142
"09/1998",9826,116,1876,540,4,448,4848,116,738,342,4,264,538,164
"10/1998",10144,100,1944,458,8,472,5192,100,838,330,6,282,430,110
"11/1998",9662,130,1812,434,12,566,5046,130,754,366,8,344,242,58
"12/1998",10510,120,2138,362,8,498,5402,120,836,306,8,314,162,40
"01/1999",7834,82,1516,336,16,412,4024,82,610,284,12,256,114,34
"02/1999",7424,90,1474,308,14,426,3828,90,594,254,14,256,180,34
"03/1999",8686,88,1630,358,10,516,4464,88,666,276,10,336,278,72
"04/1999",8588,100,1644,394,12,456,4252,100,628,244,8,288,428,118
"05/1999",9988,102,1892,492,10,482,4928,102,736,318,4,288,562,146
"06/1999",9636,106,1832,446,20,442,4652,104,722,266,18,268,626,152
"07/1999",10288,120,2010,498,12,480,4766,118,768,290,8,284,706,180
"08/1999",10722,106,2136,556,16,496,4992,104,754,338,14,300,700,176
"09/1999",10050,148,1934,482,16,536,4728,146,716,298,8,342,582,144
"10/1999",10564,112,2150,502,28,544,5126,112,860,356,20,328,468,120
"11/1999",9876,122,1918,452,12,522,5052,120,758,364,6,302,270,70
"12/1999",9984,84,2076,452,24,520,5236,84,866,386,16,298,136,34
"01/2000",4402,44,866,170,15,231,2129,44,312,135,11,137,80,21
"02/2000",3904,34,808,185,5,202,1930,34,319,147,2,108,90,28
"03/2000",4369,49,832,196,9,212,2119,49,316,145,6,136,199,38
"04/2000",4639,36,935,261,9,233,2332,35,354,185,9,156,248,62
"05/2000",4863,61,894,258,16,239,2295,60,321,173,11,152,329,73
"06/2000",5027,47,911,285,12,250,2319,47,328,164,10,149,400,103
"07/2000",5344,53,1008,288,11,277,2522,51,386,168,5,168,401,105
"08/2000",5289,62,1016,285,9,272,2427,62,371,171,6,153,428,95
"09/2000",5137,71,956,241,14,273,2424,68,378,157,11,161,347,71
"10/2000",5178,66,977,266,17,258,2540,66,368,199,13,169,251,52
"11/2000",4625,51,865,214,9,272,2362,51,313,179,7,175,119,17
"12/2000",4817,51,966,219,12,274,2378,50,373,186,8,168,82,20
"01/2001",4117,60,795,186,13,198,2067,58,306,148,8,135,73,25
"02/2001",3956,46,745,186,17,230,1975,46,279,153,9,149,97,27
"03/2001",4311,52,813,187,11,216,2131,51,316,149,9,148,156,30
"04/2001",4526,47,832,225,15,250,2194,46,323,152,10,166,308,58
"05/2001",5028,53,924,284,17,276,2306,52,352,187,13,158,357,82
"06/2001",4873,51,896,294,21,256,2246,48,309,164,18,158,402,92
"07/2001",5229,53,997,327,17,264,2398,51,367,197,11,167,441,109
"08/2001",5373,61,996,297,22,282,2471,56,361,169,16,191,425,102
"09/2001",4930,52,940,274,9,250,2275,49,353,161,7,158,388,90
"10/2001",5304,49,974,287,17,258,2524,47,353,209,11,164,271,57
"11/2001",5104,52,972,261,15,273,2440,50,388,188,7,166,200,47
"12/2001",5167,63,1007,273,22,304,2561,59,388,209,15,187,142,40
"01/2002",4567,51,880,231,18,242,2256,51,328,185,16,151,102,23
"02/2002",4034,57,766,194,5,242,1974,55,279,153,3,153,127,24
"03/2002",4727,55,919,255,22,251,2284,52,336,195,12,158,184,40
"04/2002",4455,52,844,240,15,222,2142,51,357,170,7,140,259,56
"05/2002",5008,40,923,296,17,268,2317,35,354,181,13,164,374,97
"06/2002",5155,54,949,312,20,264,2291,52,324,177,12,153,451,112
"07/2002",5262,56,986,321,27,275,2369,55,354,187,18,158,431,103
"08/2002",5314,70,954,353,22,288,2310,65,324,201,15,167,482,117
"09/2002",5109,51,949,291,18,265,2330,49,301,174,12,176,431,94
"10/2002",5154,43,955,237,21,270,2406,39,360,159,13,162,249,54
"11/2002",4796,50,887,243,22,310,2313,45,302,177,16,183,178,45
"12/2002",4845,62,918,217,22,293,2383,60,326,174,16,183,93,19
"01/2003",4167,47,815,188,16,249,1947,46,271,151,13,149,85,15
"02/2003",3809,51,748,201,16,220,1778,48,268,155,11,139,98,30
"03/2003",4370,45,823,230,16,250,2042,44,288,161,11,161,216,50
"04/2003",4812,44,920,316,25,228,2194,42,327,205,20,146,376,86
"05/2003",4924,54,903,269,22,259,2250,52,335,160,16,162,373,76
"06/2003",5126,56,905,300,25,274,2253,56,319,179,10,172,460,97
"07/2003",5373,58,943,321,22,290,2276,56,330,183,12,163,509,103
"08/2003",5574,50,1009,364,34,280,2390,48,344,225,24,154,536,106
"09/2003",5070,40,925,302,29,291,2222,33,314,181,18,189,472,94
"10/2003",5482,58,1062,309,22,280,2460,52,372,203,13,182,351,68
"11/2003",5279,62,983,305,24,297,2522,57,327,228,20,188,198,48
"12/2003",4891,50,957,219,25,311,2236,46,306,169,18,183,128,25
"01/2004",4505,37,841,229,30,260,2075,36,312,178,20,158,125,23
"02/2004",4055,40,781,218,14,221,1929,37,278,161,10,134,145,36
"03/2004",4449,47,812,249,27,254,2033,43,271,165,14,169,270,61
"04/2004",4683,54,866,274,35,238,2086,51,274,169,19,152,366,79
"05/2004",5152,45,894,312,30,273,2203,44,314,179,22,155,469,97
"06/2004",5145,54,957,323,32,273,2131,52,295,186,19,166,480,106
"07/2004",5294,57,887,373,25,266,2182,54,280,209,15,146,576,126
"08/2004",5419,51,974,376,26,293,2199,50,313,208,17,166,549,130
"09/2004",4910,53,836,304,21,268,2032,53,265,174,18,152,464,111
"10/2004",5231,55,921,327,30,323,2283,49,281,217,26,177,349,77
"11/2004",4849,53,903,261,27,289,2224,48,297,194,20,164,191,40
"12/2004",5037,66,943,274,29,287,2311,59,329,205,18,177,136,34
"01/2005",4298,59,784,231,27,244,1968,53,271,173,19,148,148,27
"02/2005",4011,44,757,223,31,212,1812,39,245,165,20,134,130,26
"03/2005",4411,41,769,249,31,249,1959,36,260,178,22,149,239,45
"04/2005",4914,53,824,312,34,253,2054,49,263,196,23,141,446,98
"05/2005",5019,47,911,332,27,275,2084,45,293,186,14,160,487,107
"06/2005",5186,53,871,340,26,323,2086,50,252,191,14,186,527,111
"07/2005",5683,49,959,363,37,303,2285,42,295,191,24,181,622,115
"08/2005",5282,50,911,350,35,285,2171,47,310,185,24,175,579,126
"09/2005",5081,50,914,344,26,270,2034,48,273,184,17,170,609,126
"10/2005",5504,53,995,329,43,296,2314,45,323,216,24,176,458,83
"11/2005",5212,70,935,313,39,296,2266,63,299,207,29,164,291,63
"12/2005",4894,69,950,258,38,296,2141,61,278,200,23,175,146,25
"01/2006",4411,59,788,238,28,265,1960,54,255,166,15,164,191,40
"02/2006",4047,36,701,221,35,264,1778,34,215,166,22,155,161,32
"03/2006",4612,55,793,277,24,258,1999,53,256,190,12,146,297,51
"04/2006",4658,36,763,328,24,261,1906,33,242,181,13,166,493,100
"05/2006",5117,49,851,359,32,282,2116,44,282,216,22,178,575,105
"06/2006",5120,55,835,332,35,292,1994,51,252,165,23,162,589,119
"07/2006",5236,48,866,358,31,309,2066,42,275,183,21,179,652,127
"08/2006",5153,51,854,350,30,283,2064,47,253,188,20,163,613,119
"09/2006",4956,52,810,360,31,264,1997,48,259,180,22,155,555,126
"10/2006",5235,68,931,321,35,325,2211,62,302,214,21,195,360,65
"11/2006",4793,46,857,264,31,309,2038,42,283,162,21,179,300,58
"12/2006",4756,51,851,259,37,301,2134,45,280,199,20,179,176,36
"01/2007",4060,52,715,244,28,278,1791,45,232,171,20,167,138,35
"02/2007",3968,39,688,208,32,233,1730,30,230,159,21,137,151,27
"03/2007",4746,51,819,301,34,266,1927,46,248,193,18,165,392,68
"04/2007",4614,30,824,326,35,295,1960,24,259,188,23,195,438,106
"05/2007",4899,39,793,339,28,241,1923,38,279,167,15,150,646,136
"06/2007",4961,43,794,339,32,289,1939,37,252,179,20,169,626,118
"07/2007",5123,44,844,340,30,287,1933,35,249,160,16,171,686,139
"08/2007",5029,45,837,354,32,304,1909,37,267,179,22,169,660,138
"09/2007",4753,53,770,312,31,245,1808,49,234,155,19,161,635,114
"10/2007",4961,52,770,328,37,309,2022,47,233,188,24,201,489,96
"11/2007",4640,46,802,265,32,329,1981,38,255,175,17,181,268,51
"12/2007",4499,42,811,269,47,275,1940,35,260,181,27,156,176,38
"01/2008",3916,47,684,201,32,256,1786,42,232,151,27,159,148,24
"02/2008",3929,43,655,213,36,279,1714,42,222,154,27,172,193,34
"03/2008",3834,43,679,218,31,240,1661,40,237,135,21,139,294,44
"04/2008",4021,47,675,300,38,241,1569,38,189,156,31,151,501,106
"05/2008",4329,38,691,312,35,270,1679,36,232,134,20,157,613,119
"06/2008",4487,37,693,370,42,262,1682,32,212,162,28,159,698,154
"07/2008",4422,46,640,332,41,229,1638,40,206,144,21,129,717,142
"08/2008",4663,49,727,343,31,279,1758,41,215,135,20,166,745,157
"09/2008",4185,36,605,280,30,256,1562,32,186,129,21,146,574,105
"10/2008",4512,47,694,295,43,287,1871,42,224,160,25,179,483,97
"11/2008",4151,46,715,237,35,263,1781,38,200,162,19,174,278,45
"12/2008",4211,49,736,240,31,267,1780,41,213,166,13,173,165,28
"01/2009",3565,40,639,204,26,270,1528,37,201,145,15,156,144,20
"02/2009",3171,43,546,201,23,197,1397,39,185,136,15,126,209,38
"03/2009",3459,38,554,213,32,244,1418,29,163,134,17,150,273,43
"04/2009",3930,41,607,229,37,278,1558,32,169,115,20,178,465,79
"05/2009",4100,53,651,326,29,238,1616,50,211,165,22,137,582,111
"06/2009",4013,27,627,302,27,265,1541,22,186,155,13,160,551,102
"07/2009",4083,31,655,294,30,263,1470,24,187,159,16,150,592,100
"08/2009",4196,36,630,313,34,242,1617,34,191,162,22,150,581,98
"09/2009",3869,42,610,256,35,245,1538,31,189,130,20,150,511,91
"10/2009",3857,28,665,255,29,252,1615,25,206,157,21,139,308,60
"11/2009",3720,38,625,243,29,272,1593,33,210,145,17,171,283,54
"12/2009",3577,35,622,185,35,263,1523,28,177,124,23,167,103,25
"01/2010",3107,40,544,177,51,218,1371,34,173,124,29,146,125,16
"02/2010",2801,24,450,188,27,203,1211,22,146,136,14,121,110,18
"03/2010",3336,29,532,223,44,210,1434,25,167,140,32,149,265,49
"04/2010",3804,31,601,273,27,274,1542,25,189,127,17,167,468,105
"05/2010",3956,35,559,298,42,265,1540,28,172,151,25,164,551,95
"06/2010",3821,41,613,285,30,237,1390,36,176,135,22,149,587,107
"07/2010",4200,34,616,317,31,264,1525,27,168,139,18,146,619,114
"08/2010",4183,33,621,270,37,271,1522,28,177,131,21,167,629,95
"09/2010",4094,35,673,263,24,257,1529,27,176,124,20,158,526,87
"10/2010",4136,45,624,288,37,260,1655,41,189,177,24,165,442,69
"11/2010",3854,29,652,233,36,274,1578,24,183,147,21,161,214,34
"12/2010",3570,39,617,218,37,253,1511,28,186,151,23,157,115,24
"01/2011",3076,31,517,213,34,222,1345,25,161,159,23,134,153,31
"02/2011",2868,27,467,175,36,215,1167,24,126,116,23,126,182,34
"03/2011",3311,28,527,197,29,253,1341,26,162,117,15,142,267,45
"04/2011",3508,26,547,243,41,228,1433,24,166,133,23,143,408,72
"05/2011",3744,41,567,254,44,237,1415,32,165,132,27,148,533,92
"06/2011",3937,35,569,300,30,236,1446,31,163,137,19,134,603,114
"07/2011",4232,45,636,358,36,272,1591,37,184,165,23,166,652,138
"08/2011",4109,35,580,306,45,262,1469,28,161,132,30,160,640,128
"09/2011",3824,22,607,262,50,244,1458,21,195,144,29,145,507,75
"10/2011",4194,37,632,278,39,280,1694,31,174,148,24,167,444,82
"11/2011",3692,34,568,218,38,305,1588,27,163,136,23,196,235,45
"12/2011",3624,35,589,222,51,286,1564,29,170,152,34,169,144,25
"01/2012",3330,39,555,188,32,255,1454,34,160,131,28,166,174,22
"02/2012",3189,25,529,206,37,230,1390,22,188,140,19,139,161,34
"03/2012",3678,33,516,265,35,247,1461,28,177,143,22,149,439,81
"04/2012",3548,32,524,268,42,214,1435,27,163,157,28,120,451,82
"05/2012",3966,43,607,309,33,242,1479,41,185,141,22,149,579,111
"06/2012",4131,32,570,316,50,258,1500,26,158,137,35,159,664,107
"07/2012",4164,37,656,307,28,265,1548,31,191,149,17,160,603,104
"08/2012",4258,36,617,309,53,296,1578,31,172,161,32,168,623,100
"09/2012",4074,29,586,259,61,285,1563,24,190,126,42,161,575,86
"10/2012",3997,41,598,260,46,291,1608,35,183,151,23,174,395,57
"11/2012",3853,30,608,230,58,275,1624,28,154,151,37,170,276,40
"12/2012",3772,35,606,243,56,302,1633,26,171,168,39,187,168,27
"01/2013",3416,27,523,217,44,267,1424,24,149,139,26,158,163,35
"02/2013",2845,22,453,183,28,221,1177,17,120,124,20,130,135,24
"03/2013",3552,39,545,223,42,279,1488,35,167,140,23,183,301,44
"04/2013",3464,28,528,258,39,273,1399,21,163,134,27,163,397,72
"05/2013",3817,34,547,298,35,274,1445,26,164,141,21,170,504,104
"06/2013",4009,33,596,297,39,285,1481,28,183,157,29,170,573,85
"07/2013",3933,30,524,291,56,241,1453,23,152,123,37,137,583,108
"08/2013",4304,32,583,347,56,305,1607,29,160,162,30,187,695,139
"09/2013",4106,41,588,316,45,286,1587,33,175,153,25,185,612,109
"10/2013",4135,43,609,269,52,285,1622,32,165,158,26,180,433,67
"11/2013",3803,36,590,253,43,260,1651,25,179,165,31,179,265,41
"12/2013",3717,40,550,197,50,330,1624,31,169,123,35,203,137,26
"01/2014",3260,36,528,183,53,269,1362,26,143,112,35,170,164,26
"02/2014",2802,23,451,184,30,236,1192,17,129,124,20,145,145,25
"03/2014",3374,25,508,241,39,264,1379,22,142,144,23,169,279,46
"04/2014",3478,34,513,265,53,247,1395,26,158,141,39,141,389,71
"05/2014",3891,43,494,263,38,261,1507,35,175,132,21,166,564,83
"06/2014",3887,34,541,300,35,276,1395,30,151,136,23,177,621,101
"07/2014",4011,32,550,309,52,282,1476,26,158,144,38,168,590,93
"08/2014",4175,32,596,323,56,262,1587,25,203,171,30,160,585,93
"09/2014",3897,30,523,294,48,301,1480,23,155,141,26,195,522,91
"10/2014",4242,41,637,290,41,344,1720,33,189,180,30,202,422,61
"11/2014",4044,33,620,282,57,292,1715,27,182,189,33,184,243,39
"12/2014",3889,46,624,275,58,338,1688,37,206,173,45,197,181,31
"01/2015",3584,40,560,243,62,291,1557,32,168,163,48,170,167,33
"02/2015",3057,27,481,205,55,249,1280,23,147,127,29,159,152,26
"03/2015",3721,31,568,247,47,257,1537,26,147,146,34,167,320,55
"04/2015",3741,32,526,265,60,264,1489,25,143,149,43,166,430,61
"05/2015",4333,38,619,320,55,299,1689,33,191,168,39,178,575,85
"06/2015",4260,41,591,321,53,327,1639,32,170,164,42,204,585,99
"07/2015",4628,42,598,350,69,346,1714,30,158,161,49,211,666,117
"08/2015",4630,40,639,349,71,342,1728,34,195,170,42,182,647,113
"09/2015",4380,33,651,317,63,290,1715,25,183,165,44,194,560,93
"10/2015",4610,37,644,331,67,375,1849,30,195,176,44,231,493,74
"11/2015",4212,43,634,267,60,378,1775,33,199,162,41,218,269,52
"12/2015",4322,42,639,304,64,357,1846,30,218,186,42,210,266,47
"01/2016",3483,33,516,231,51,285,1521,27,176,149,36,162,160,24
"02/2016",3668,41,532,271,67,294,1587,32,174,180,47,177,243,43
"03/2016",4065,39,557,318,67,345,1709,34,191,186,49,211,346,60
"04/2016",4172,39,591,309,67,321,1649,32,170,157,47,195,472,77
"05/2016",4580,34,606,345,74,340,1750,25,163,178,55,199,634,102
"06/2016",4721,34,652,379,77,358,1809,27,182,202,47,207,617,102
"07/2016",4583,48,614,331,68,340,1711,39,173,181,43,207,653,81
"08/2016",4794,31,656,364,69,368,1812,23,185,186,44,218,635,104
"09/2016",4758,35,648,327,74,366,1773,28,178,159,58,210,630,103
"10/2016",4933,42,696,339,77,407,1978,34,208,189,48,241,537,77
"11/2016",4570,49,668,367,80,365,1927,38,198,226,50,218,344,54
"12/2016",4387,47,656,313,83,391,1853,37,182,190,62,239,193,34
"01/2017",3988,36,564,264,69,355,1734,32,174,176,53,220,195,25
"02/2017",3487,29,454,251,75,276,1467,25,150,166,52,172,271,30
"03/2017",4183,34,611,281,76,324,1791,28,181,168,48,198,328,43
"04/2017",4257,40,582,298,79,349,1718,29,213,158,58,219,517,78
"05/2017",4523,42,590,357,78,373,1764,33,164,195,57,225,537,88
"06/2017",4752,31,667,369,64,367,1804,24,188,186,42,218,643,109
"07/2017",4980,49,683,387,78,338,1819,41,197,198,44,200,724,103
"08/2017",4515,39,624,336,73,357,1744,29,194,152,50,220,586,104
"09/2017",4874,41,625,382,99,410,1875,28,192,193,64,267,652,120
"10/2017",4726,38,677,326,83,394,1809,29,190,180,56,232,438,63
"11/2017",4441,36,680,299,81,428,1883,30,219,183,59,239,283,34
"12/2017",4402,33,675,306,71,371,1873,26,198,177,54,211,211,37
"01/2018",4056,39,599,298,64,370,1749,28,190,188,40,214,202,35
"02/2018",3547,39,479,256,68,317,1446,33,133,164,49,186,217,31
"03/2018",4084,42,607,280,76,337,1675,27,185,162,50,200,287,50
"04/2018",3985,37,568,289,76,340,1644,32,186,182,48,215,387,50
"05/2018",4598,38,608,332,90,370,1746,28,170,182,53,217,583,79
"06/2018",4648,33,612,345,83,372,1669,20,179,158,63,213,687,96
"07/2018",4610,37,626,328,75,356,1688,27,190,164,48,218,637,80
"08/2018",4648,31,612,353,90,328,1693,22,169,174,60,196,659,101
"09/2018",4600,31,632,342,62,363,1778,20,195,181,43,204,572,77
"10/2018",4825,33,725,313,97,394,1846,27,218,181,60,222,450,57
"11/2018",4164,38,595,278,88,402,1692,25,187,176,58,237,240,44
"12/2018",4107,38,571,291,74,355,1717,28,171,173,52,196,193,32
"01/2019",3875,34,558,259,81,347,1596,25,153,163,67,203,147,20
"02/2019",3344,26,488,250,78,287,1391,13,158,137,59,174,179,37
"03/2019",3959,36,541,292,75,329,1623,25,170,169,62,186,340,45
"04/2019",4072,36,512,279,89,334,1538,25,154,149,61,185,421,54
"05/2019",4487,41,601,331,80,380,1649,25,166,156,48,230,593,91
"06/2019",4535,44,567,327,76,387,1622,37,156,154,56,210,652,98
"07/2019",4592,36,619,335,76,389,1628,26,182,148,49,231,666,114
"08/2019",4699,37,590,377,90,372,1700,30,145,172,61,220,677,120
"09/2019",4674,30,631,350,72,330,1645,21,163,177,51,181,619,86
"10/2019",4560,29,662,351,76,415,1767,22,195,204,47,243,397,61
"11/2019",4339,34,620,299,94,395,1731,28,190,167,62,219,247,38
"12/2019",4111,45,591,255,107,367,1696,34,171,155,84,216,176,31
"01/2020",3760,31,541,239,91,364,1539,20,165,147,59,217,165,22
"02/2020",3747,36,515,295,77,339,1596,26,165,193,55,196,212,35
"03/2020",3548,28,463,283,82,295,1441,17,131,151,57,187,326,49
"04/2020",3077,30,383,253,59,245,1198,20,122,146,41,143,365,55
"05/2020",4267,42,562,340,85,325,1588,26,154,172,57,198,551,89
"06/2020",5186,36,665,392,96,354,1878,23,220,213,64,203,707,94
"07/2020",5251,57,636,423,95,398,1964,43,200,206,61,226,740,116
"08/2020",5426,37,690,434,100,428,1991,29,223,205,73,243,775,120
"09/2020",5230,42,673,415,99,352,1921,29,196,212,76,216,703,113
"10/2020",5480,42,711,433,128,455,2037,28,208,219,95,246,573,92
"11/2020",4784,51,634,379,98,408,1903,38,175,225,57,231,385,51
"12/2020",4516,41,584,306,114,397,1826,28,167,173,74,220,213,35



"Publisher:", "National Highway Traffic Safety Administration"
"Copyright:", "The data contained in Data Planet(tm): A SAGE Publishing Resource is made available via license agreement with subscribing organizations. Your organization's license may vary from this version."