"Title:","Initial Unemployment Claims from the Unemployment Insurance Weekly Claims Insurance - Detail Database"
"SubTitle:","State - Seasonally Adjusted: Non-Seasonally Adjusted"
"Time:","04/06/1985 - 11/05/2022"
"Unit of Measure:","#","#","#","#","#"
"Citation:","Employment and Training Administration, United States Department of Labor (2022-11-11). Unemployment Insurance Weekly Claims Insurance - Detail: Initial Unemployment Claims | Alaska, California, Hawaii, New York, Wyoming | Non-Seasonally Adjusted, 04/06/1985 - 11/05/2022. Data Planet? Statistical Datasets: A SAGE Publishing Resource. (Dataset). Dataset-ID:  060-001-001 doi:https://doi.org/10.6068/DP1846838569328"
"ColumnCount:",6
"RowCount:",1938

"Time","Alaska, Non-Seasonally Adjusted, Initial Claims","California, Non-Seasonally Adjusted, Initial Claims","Hawaii, Non-Seasonally Adjusted, Initial Claims","New York, Non-Seasonally Adjusted, Initial Claims","Wyoming, Non-Seasonally Adjusted, Initial Claims"
"04/06/1985",,,1370,,
"09/28/1985",,,,,523
"10/05/1985",,,,,739
"10/12/1985",,,,,905
"10/19/1985",,,,,658
"10/26/1985",,,,,761
"11/02/1985",,,,,761
"11/09/1985",,,,,914
"11/16/1985",,,,,1136
"11/23/1985",,,,,1427
"11/30/1985",,,,,983
"12/07/1985",,,,,1579
"12/14/1985",,,,,1082
"12/21/1985",,,,,1084
"12/28/1985",,,,,742
"01/04/1986",,,,,1170
"01/11/1986",,,,,1738
"01/18/1986",,,,,1312
"01/25/1986",,,,,1144
"02/01/1986",,,,,1154
"02/08/1986",,75972,,,1378
"02/15/1986",2048,54117,1188,20647,1382
"02/22/1986",1635,68363,1011,21499,1124
"03/01/1986",1818,65093,1184,21738,1190
"03/08/1986",2257,66435,1411,22049,1180
"03/15/1986",2005,69869,1135,20144,1201
"03/22/1986",1737,69000,1139,18883,1175
"03/29/1986",1585,56615,1030,23415,948
"04/05/1986",2285,56922,1370,25738,1468
"04/12/1986",2230,54683,1269,20660,1511
"04/19/1986",1952,51769,1793,18928,1420
"04/26/1986",1971,51636,1314,22126,1037
"05/03/1986",1746,52760,1262,20278,982
"05/10/1986",1846,56805,1206,20367,1066
"05/17/1986",1822,48844,1040,18498,955
"05/24/1986",1735,46335,1012,20219,913
"05/31/1986",1159,38081,1130,16725,812
"06/07/1986",2095,51830,1397,19959,924
"06/14/1986",1857,49519,1342,18171,830
"06/21/1986",1630,56609,1486,18349,966
"06/28/1986",2088,54670,1060,20224,814
"07/05/1986",1639,47656,776,29162,1074
"07/12/1986",2191,50996,1470,26607,1044
"07/19/1986",2191,50698,1079,19306,1016
"07/26/1986",1464,51936,1019,23475,913
"08/02/1986",1524,50000,1108,20102,891
"08/09/1986",1443,51863,1103,20000,867
"08/16/1986",1375,45186,877,20851,788
"08/23/1986",1488,47495,1105,18207,847
"08/30/1986",1681,43523,915,17052,825
"09/06/1986",1291,58692,946,17005,767
"09/13/1986",1771,47423,1133,17148,1014
"09/20/1986",1745,49667,1047,17485,908
"09/27/1986",1667,50263,956,19504,792
"10/04/1986",1989,49560,961,19088,1014
"10/11/1986",1976,51541,1078,22768,1008
"10/18/1986",1702,44981,904,17560,826
"10/25/1986",2084,54936,1531,19179,1069
"11/01/1986",2000,52766,998,20155,944
"11/08/1986",2187,58000,847,20578,1223
"11/15/1986",1837,48253,1021,23047,1344
"11/22/1986",1999,65510,1373,25716,1333
"11/29/1986",1639,42930,755,23846,970
"12/06/1986",2011,59701,1239,25363,1203
"12/13/1986",1773,60031,977,24008,1112
"12/20/1986",1811,60225,893,24337,1065
"12/27/1986",1550,54228,1011,34467,983
"01/03/1987",1748,44577,1273,30923,717
"01/10/1987",2749,68348,1651,30694,1986
"01/17/1987",2189,67135,1193,24874,1533
"01/24/1987",1659,57652,1236,19464,1115
"01/31/1987",2052,64451,869,23202,1079
"02/07/1987",2244,71411,1262,22405,1228
"02/14/1987",1767,54446,1076,20363,996
"02/21/1987",1684,56218,668,19450,833
"02/28/1987",1827,61173,1046,19172,902
"03/07/1987",1650,56913,926,19951,965
"03/14/1987",1605,57880,984,17991,820
"03/21/1987",1579,,878,18294,857
"03/28/1987",1312,50246,879,16310,856
"04/04/1987",1857,48363,1299,18468,1096
"04/11/1987",1848,48000,1167,20873,928
"04/18/1987",1826,46967,854,26826,716
"04/25/1987",1433,43908,1303,17252,714
"05/02/1987",1432,43737,1165,16467,576
"05/09/1987",1301,48356,1273,18105,634
"05/16/1987",1666,46700,958,19076,584
"05/23/1987",1416,42200,1188,17879,672
"05/30/1987",1280,33019,1066,15386,602
"06/06/1987",1943,47891,1245,17822,691
"06/13/1987",1737,45132,1171,18581,590
"06/20/1987",1455,47000,1321,18178,534
"06/27/1987",1283,47369,1210,21932,578
"07/04/1987",1272,,,26822,587
"07/11/1987",1591,,,19584,788
"07/18/1987",1282,,,17718,524
"07/25/1987",1046,,,18757,457
"08/01/1987",1132,46800,981,20989,402
"08/08/1987",1137,46794,1021,18350,479
"08/15/1987",1087,44000,1133,15001,445
"08/22/1987",1022,41101,751,15456,402
"08/29/1987",1099,42400,1025,14054,478
"09/05/1987",1149,42200,1148,14492,450
"09/12/1987",1028,36576,820,13514,445
"09/19/1987",1345,42583,1009,15694,447
"09/26/1987",1362,41500,971,17246,453
"10/03/1987",1599,44094,1043,16373,483
"10/10/1987",1759,50161,987,17303,902
"10/17/1987",1706,42489,844,14677,565
"10/24/1987",1490,49774,996,16474,639
"10/31/1987",1731,49201,856,481,
"11/07/1987",,58250,921,17839,757
"11/14/1987",1407,49249,863,18533,640
"11/21/1987",1802,59040,1116,23266,944
"11/28/1987",1272,40022,772,21952,630
"12/05/1987",1597,61527,1100,23679,1152
"12/12/1987",1550,55607,789,23038,777
"12/19/1987",1489,53000,1332,24087,795
"12/26/1987",1406,42967,1528,25691,722
"01/02/1988",1317,45862,1248,31931,623
"01/09/1988",2676,64479,1520,32781,1534
"01/16/1988",2286,56596,1687,26133,1055
"01/23/1988",1732,51316,1283,19508,1027
"01/30/1988",1599,52043,1341,21448,953
"02/06/1988",1781,58959,1318,20128,959
"02/13/1988",1825,52500,1207,19762,858
"02/20/1988",1499,55921,1021,18334,685
"02/27/1988",1653,52960,1062,19195,733
"03/05/1988",1491,56852,1180,17781,735
"03/12/1988",1310,50904,994,16771,684
"03/19/1988",1172,48503,895,16317,684
"03/26/1988",1184,48824,799,15899,580
"04/02/1988",1294,45098,1047,18557,530
"04/09/1988",1822,45772,1211,23706,956
"04/16/1988",1690,42713,1115,16368,603
"04/23/1988",1450,50300,905,16771,512
"04/30/1988",1286,44674,1040,15515,530
"05/07/1988",1347,50755,1075,15944,498
"05/14/1988",1298,50100,1031,15547,481
"05/21/1988",1218,47792,1012,15972,488
"05/28/1988",1170,41483,1024,16160,417
"06/04/1988",1226,38710,903,13944,528
"06/11/1988",1437,47335,872,16031,427
"06/18/1988",1163,47081,1244,15813,517
"06/25/1988",985,51191,995,16420,418
"07/02/1988",1181,46664,920,24552,434
"07/09/1988",970,42075,1059,22213,535
"07/16/1988",1116,44056,1157,17887,459
"07/23/1988",909,48643,788,18229,483
"07/30/1988",1093,44647,959,20933,325
"08/06/1988",1103,46559,1024,16521,378
"08/13/1988",1001,45378,1011,14272,295
"08/20/1988",895,41622,682,14605,336
"08/27/1988",888,41200,952,13890,346
"09/03/1988",1076,42500,966,13546,371
"09/10/1988",787,36395,894,13334,384
"09/17/1988",1023,42242,867,14636,483
"09/24/1988",1015,44869,796,14101,410
"10/01/1988",817,43907,867,14069,414
"10/08/1988",1710,44582,1073,15592,674
"10/15/1988",1607,39055,781,14088,534
"10/22/1988",1500,45570,1005,16298,587
"10/29/1988",1860,45988,698,16739,611
"11/05/1988",1592,51892,816,18683,715
"11/12/1988",1282,44878,664,14039,660
"11/19/1988",1579,58492,837,23396,1046
"11/26/1988",1192,34445,682,20658,704
"12/03/1988",1559,57958,1173,22359,956
"12/10/1988",1389,51507,1018,21494,873
"12/17/1988",1377,45429,970,23109,795
"12/24/1988",1502,55791,1169,25874,755
"12/31/1988",1025,45597,928,33535,727
"01/07/1989",1722,49531,1101,25847,1126
"01/14/1989",2222,53821,1366,25491,1184
"01/21/1989",1554,46464,1055,18742,861
"01/28/1989",1781,55398,884,20890,805
"02/04/1989",1443,52334,800,20909,904
"02/11/1989",1700,60147,1030,20367,1032
"02/18/1989",1551,48503,1202,20162,772
"02/25/1989",1144,47120,1029,18574,572
"03/04/1989",1349,52371,1468,19427,665
"03/11/1989",1298,57371,1134,18384,654
"03/18/1989",1242,51640,756,17888,632
"03/25/1989",1151,47908,651,19438,621
"04/01/1989",896,47382,771,20400,448
"04/08/1989",1773,47187,1143,18321,726
"04/15/1989",1344,44418,1234,16733,638
"04/22/1989",1222,47382,905,19649,514
"04/29/1989",1063,47699,495,17687,469
"05/06/1989",1169,49696,973,17885,507
"05/13/1989",957,46637,821,17776,441
"05/20/1989",961,42591,931,17149,526
"05/27/1989",957,41436,917,17374,431
"06/03/1989",902,38974,775,15379,472
"06/10/1989",1094,50118,988,18163,494
"06/17/1989",1033,47234,1006,18105,421
"06/24/1989",777,50058,1010,18881,439
"07/01/1989",885,49087,850,25287,407
"07/08/1989",915,42000,886,23780,431
"07/15/1989",996,49319,1007,21507,397
"07/22/1989",753,47404,867,17492,450
"07/29/1989",1006,46290,766,17572,381
"08/05/1989",839,47547,745,19875,361
"08/12/1989",780,46701,723,20451,365
"08/19/1989",751,43441,629,19187,380
"08/26/1989",770,40867,829,19001,347
"09/02/1989",1032,41051,668,16834,313
"09/09/1989",908,37925,865,16277,309
"09/16/1989",940,44745,804,18653,355
"09/23/1989",1083,50716,780,19110,367
"09/30/1989",1143,46017,736,17879,314
"10/07/1989",1812,52600,1060,52670,515
"10/14/1989",1432,41478,997,17241,433
"10/21/1989",1384,52115,900,20515,314
"10/28/1989",1970,64033,860,19703,355
"11/04/1989",1061,57459,725,20681,410
"11/11/1989",1197,49200,634,20198,334
"11/18/1989",1973,55938,724,24675,463
"11/25/1989",1193,32694,700,24393,268
"12/02/1989",1643,66249,929,28380,497
"12/09/1989",1453,57339,734,28757,471
"12/16/1989",1177,52887,682,25989,877
"12/23/1989",1379,53426,805,28119,892
"12/30/1989",937,42789,830,34181,602
"01/06/1990",2213,54631,965,32057,858
"01/13/1990",2781,67639,1443,37781,1099
"01/20/1990",2134,62836,1160,26035,718
"01/27/1990",1839,62148,2370,28404,820
"02/03/1990",1760,61902,1394,23478,746
"02/10/1990",1919,69000,994,24796,646
"02/17/1990",1811,56126,881,20555,851
"02/24/1990",1241,55267,673,19640,627
"03/03/1990",1730,58412,1230,23676,664
"03/10/1990",1584,61687,4891,22088,701
"03/17/1990",1331,56495,2394,19770,613
"03/24/1990",1288,52162,846,18977,485
"03/31/1990",1059,52124,784,18308,480
"04/07/1990",1766,54846,1381,20143,611
"04/14/1990",1424,49442,911,24655,611
"04/21/1990",1403,50768,1054,22172,529
"04/28/1990",1226,50351,925,20504,458
"05/05/1990",1343,54459,903,20361,481
"05/12/1990",1494,56679,904,18597,402
"05/19/1990",1453,52322,852,18560,379
"05/26/1990",1236,52233,808,19484,372
"06/02/1990",1119,53292,795,15804,332
"06/09/1990",1132,54405,1000,20843,362
"06/16/1990",1049,55799,840,18778,376
"06/23/1990",1119,60822,1003,18733,410
"06/30/1990",994,59882,871,24627,317
"07/07/1990",1094,57051,1000,25187,469
"07/14/1990",1163,60048,906,27827,377
"07/21/1990",1202,56853,879,22519,307
"07/28/1990",1104,58255,833,18625,382
"08/04/1990",956,57267,843,21079,376
"08/11/1990",917,59599,827,22047,312
"08/18/1990",1067,51316,583,18910,330
"08/25/1990",1069,55730,684,18826,351
"09/01/1990",992,52646,682,17149,338
"09/08/1990",974,49744,746,17844,338
"09/15/1990",1339,59500,845,20624,334
"09/22/1990",1213,61969,658,19379,375
"09/29/1990",1135,60638,714,18521,366
"10/06/1990",2299,73377,867,22536,454
"10/13/1990",1943,60959,847,20117,475
"10/20/1990",1640,70692,794,24802,278
"10/27/1990",1997,68916,845,23511,337
"11/03/1990",1966,72669,781,24773,575
"11/10/1990",1698,76731,813,28107,908
"11/17/1990",1669,68797,884,28512,602
"11/24/1990",1658,57737,1428,27894,496
"12/01/1990",1932,75521,1633,33237,907
"12/08/1990",1700,77413,1003,32590,761
"12/15/1990",1526,74377,827,33403,756
"12/22/1990",1688,74399,930,32759,988
"12/29/1990",1301,58733,1423,32078,748
"01/05/1991",2038,53905,1414,36237,428
"01/12/1991",2824,92167,1688,47214,1294
"01/19/1991",2103,80037,1146,36384,805
"01/26/1991",1895,74236,1189,29351,720
"02/02/1991",1965,82811,1489,33792,803
"02/09/1991",2299,93690,1713,34071,852
"02/16/1991",1540,73543,1499,30616,702
"02/23/1991",1760,72737,1462,26257,738
"03/02/1991",1915,78410,1501,30507,657
"03/09/1991",1758,92983,1632,29443,657
"03/16/1991",1687,82197,1446,29433,643
"03/23/1991",1616,88283,1796,27616,572
"03/30/1991",1393,81314,1453,25897,560
"04/06/1991",2103,77421,1554,28223,586
"04/13/1991",1662,69532,1539,29007,722
"04/20/1991",1807,67569,1254,27732,697
"04/27/1991",1570,65951,1060,26135,577
"05/04/1991",1723,69594,1090,25141,525
"05/11/1991",1713,69046,1060,24409,516
"05/18/1991",1697,69035,1109,21222,508
"05/25/1991",1438,64910,1038,22023,428
"06/01/1991",1233,56451,967,18537,362
"06/08/1991",1667,69618,1214,23967,488
"06/15/1991",1316,65891,1307,21702,457
"06/22/1991",1335,73829,1231,22344,489
"06/29/1991",1182,70922,1039,28274,444
"07/06/1991",1582,65843,1129,32616,460
"07/13/1991",1594,70111,1437,34887,527
"07/20/1991",1466,76844,1126,26715,418
"07/27/1991",1363,73426,978,23841,366
"08/03/1991",1326,73988,1083,26505,380
"08/10/1991",1209,70385,1117,25054,386
"08/17/1991",1148,68287,1021,21824,397
"08/24/1991",1222,62475,1043,21393,391
"08/31/1991",1310,65359,1120,21129,452
"09/07/1991",1244,55885,1210,19553,422
"09/14/1991",1681,68623,1242,24223,447
"09/21/1991",1523,71009,1121,21908,427
"09/28/1991",1536,71899,987,21721,462
"10/05/1991",2432,75277,1108,23653,494
"10/12/1991",2194,75373,1278,23224,613
"10/19/1991",1568,68676,1279,19947,588
"10/26/1991",2197,78545,2064,24036,745
"11/02/1991",2607,84707,1196,23758,1326
"11/09/1991",2256,86286,1188,27802,968
"11/16/1991",1905,75746,1074,25664,728
"11/23/1991",2001,86511,1290,25979,961
"11/30/1991",1700,59642,1006,28915,672
"12/07/1991",1935,89364,1493,36645,1121
"12/14/1991",1996,79468,1137,33619,868
"12/21/1991",2297,79044,1299,31527,852
"12/28/1991",1717,74204,1172,31978,889
"01/04/1992",2695,74005,1161,37880,857
"01/11/1992",3017,102065,2222,51410,1351
"01/18/1992",2458,87591,1626,40489,962
"01/25/1992",2345,81424,1217,28876,766
"02/01/1992",2380,83488,1274,32952,807
"02/08/1992",2211,104126,1431,34480,813
"02/15/1992",1731,92960,1066,30587,773
"02/22/1992",1525,90172,1466,24146,632
"02/29/1992",1739,89460,1356,30558,703
"03/07/1992",2081,86730,1614,29982,717
"03/14/1992",2088,84205,1433,26040,781
"03/21/1992",1717,79228,1336,28329,635
"03/28/1992",1841,78264,1251,23886,565
"04/04/1992",2362,83457,1548,24766,672
"04/11/1992",2437,72104,1621,24475,806
"04/18/1992",2342,69654,1181,23597,610
"04/25/1992",2026,62924,1303,24432,607
"05/02/1992",1758,66396,1530,29399,531
"05/09/1992",1713,78500,1601,26550,546
"05/16/1992",1652,73214,1431,23383,577
"05/23/1992",1848,69043,1448,22298,512
"05/30/1992",1376,62809,1246,18499,409
"06/06/1992",1887,75452,1523,23537,664
"06/13/1992",2065,79202,1520,21759,601
"06/20/1992",1768,76295,1957,21035,554
"06/27/1992",1624,76223,1421,23513,434
"07/04/1992",1361,81291,1338,30534,466
"07/11/1992",1872,75608,1903,30941,651
"07/18/1992",1562,68225,1379,26781,450
"07/25/1992",1676,66414,1269,33582,414
"08/01/1992",1228,67357,1452,32508,422
"08/08/1992",1408,72625,1564,23974,413
"08/15/1992",1422,64109,1273,20828,371
"08/22/1992",1517,63609,1207,20684,420
"08/29/1992",1276,64350,1351,19965,466
"09/05/1992",1678,64883,1663,21183,439
"09/12/1992",1113,61374,1098,17942,392
"09/19/1992",1761,68992,1694,22629,384
"09/26/1992",1536,68068,4693,19101,343
"10/03/1992",1677,71093,3346,20012,405
"10/10/1992",2489,67586,2056,22268,669
"10/17/1992",2288,61419,1700,17929,553
"10/24/1992",1822,68349,1581,22392,523
"10/31/1992",2214,67784,1302,21436,555
"11/07/1992",2143,77857,1506,22338,883
"11/14/1992",1465,62817,1254,21619,636
"11/21/1992",2116,70883,1486,25382,648
"11/28/1992",1297,46658,1192,21326,702
"12/05/1992",1692,74502,1850,28047,966
"12/12/1992",1512,77868,1319,24936,746
"12/19/1992",1697,66615,1369,23930,694
"12/26/1992",1413,54873,1291,24074,688
"01/02/1993",1587,59912,1504,29157,626
"01/09/1993",2402,85358,2667,35719,1142
"01/16/1993",2041,79100,2061,33311,882
"01/23/1993",1922,74707,1372,23546,653
"01/30/1993",2331,70388,1531,24244,664
"02/06/1993",1882,75772,1711,23541,791
"02/13/1993",1790,69190,1573,21388,693
"02/20/1993",1488,73369,1978,17224,694
"02/27/1993",1911,74701,1564,25054,721
"03/06/1993",1621,70736,1738,23759,620
"03/13/1993",1699,68071,1605,21512,473
"03/20/1993",1626,59412,1570,18686,536
"03/27/1993",1467,62629,1205,20364,488
"04/03/1993",1868,66449,1777,18696,438
"04/10/1993",2234,58997,1778,20228,679
"04/17/1993",2012,55971,1441,22901,556
"04/24/1993",2090,55285,1455,24586,485
"05/01/1993",1852,56217,1524,19341,409
"05/08/1993",1774,63070,1584,19333,433
"05/15/1993",1486,57431,1349,18177,309
"05/22/1993",1248,54135,1456,17388,386
"05/29/1993",1581,54673,1275,18091,363
"06/05/1993",1302,52731,1403,17497,290
"06/12/1993",1574,60014,1269,19710,352
"06/19/1993",1578,60033,1788,17404,248
"06/26/1993",1488,61613,1360,17733,341
"07/03/1993",1361,63896,1490,22569,261
"07/10/1993",1309,54158,1537,20534,383
"07/17/1993",1420,59078,1500,26092,376
"07/24/1993",1398,57176,1372,21770,334
"07/31/1993",1386,54231,1341,23538,259
"08/07/1993",1207,60712,1711,19094,274
"08/14/1993",1182,54865,1302,16762,299
"08/21/1993",1269,53355,1099,16686,368
"08/28/1993",1249,50675,1302,16767,273
"09/04/1993",1468,53010,1246,16599,321
"09/11/1993",1317,45728,1169,14883,331
"09/18/1993",1449,53881,1388,18183,303
"09/25/1993",1435,54470,1176,17384,281
"10/02/1993",1859,54888,1227,17062,284
"10/09/1993",2295,65960,1965,19189,470
"10/16/1993",2125,59626,1330,16892,466
"10/23/1993",2095,66155,1418,20829,499
"10/30/1993",2208,61905,1410,20407,526
"11/06/1993",2121,69703,2241,21892,688
"11/13/1993",1821,63044,1313,20895,577
"11/20/1993",2173,69713,1494,25044,688
"11/27/1993",1760,48643,1210,20717,652
"12/04/1993",1871,70193,1742,26422,872
"12/11/1993",1854,63267,1734,26314,718
"12/18/1993",1941,64320,1617,24346,565
"12/25/1993",1810,59330,1396,24243,584
"01/01/1994",1486,54267,1626,28691,616
"01/08/1994",2787,67450,2525,32658,1243
"01/15/1994",2299,65961,1770,33516,809
"01/22/1994",2416,56790,1701,22637,736
"01/29/1994",2223,73887,2067,27276,684
"02/05/1994",2363,76965,1825,25807,706
"02/12/1994",2055,81567,1792,21726,760
"02/19/1994",2073,70968,2155,21407,564
"02/26/1994",1614,58340,1935,17757,542
"03/05/1994",1994,68066,1771,24366,647
"03/12/1994",1962,64434,1525,20959,535
"03/19/1994",1989,61200,1576,19797,443
"03/26/1994",1955,61450,1524,19266,442
"04/02/1994",1979,59354,1931,19243,395
"04/09/1994",2427,60188,2192,23222,633
"04/16/1994",2279,57912,1555,21976,612
"04/23/1994",2430,57428,4054,17916,557
"04/30/1994",1841,63518,3826,18749,544
"05/07/1994",2082,73591,2565,20511,543
"05/14/1994",1850,66372,3071,18611,455
"05/21/1994",1645,64405,3857,18096,388
"05/28/1994",1630,60887,3319,21028,357
"06/04/1994",1526,56073,2147,16921,334
"06/11/1994",1727,65804,1833,18894,376
"06/18/1994",2028,67623,2372,16958,375
"06/25/1994",1854,72282,1770,18665,320
"07/02/1994",1916,69520,1741,24306,397
"07/09/1994",1577,58582,2225,26216,493
"07/16/1994",1735,64851,2011,25394,388
"07/23/1994",1735,61496,1531,19506,331
"07/30/1994",1735,59707,1574,17318,271
"08/06/1994",3156,66746,1693,18328,359
"08/13/1994",1912,63235,1587,16683,304
"08/20/1994",1387,58849,1275,17155,304
"08/27/1994",1825,55192,1546,18058,316
"09/03/1994",1570,58725,1703,17602,323
"09/10/1994",1181,52134,1792,15824,284
"09/17/1994",1433,61178,1675,20280,293
"09/24/1994",1597,59913,1622,17752,309
"10/01/1994",3282,62055,1468,17289,290
"10/08/1994",2001,71970,2040,20359,628
"10/15/1994",2712,58553,1950,16823,489
"10/22/1994",2276,67268,1615,19471,611
"10/29/1994",2448,61429,1470,19317,462
"11/05/1994",2269,75041,1726,21049,584
"11/12/1994",1773,71136,1215,25220,607
"11/19/1994",2152,86786,1607,18139,743
"11/26/1994",1837,51639,1355,19357,515
"12/03/1994",2194,75750,1751,29789,764
"12/10/1994",2397,66018,1868,25444,761
"12/17/1994",2046,67649,1702,25535,631
"12/24/1994",2256,68636,1775,25005,710
"12/31/1994",1565,60226,1645,25594,598
"01/07/1995",2447,76296,2472,39303,1081
"01/14/1995",3025,92801,2292,35710,1065
"01/21/1995",2676,69753,1922,24716,688
"01/28/1995",2709,79776,1873,25790,748
"02/04/1995",2235,82757,2032,23293,799
"02/11/1995",2400,85860,1805,25780,687
"02/18/1995",2269,67629,1769,23186,692
"02/25/1995",2157,62045,1472,18901,550
"03/04/1995",2547,68383,1894,25587,693
"03/11/1995",2076,73271,1981,22111,553
"03/18/1995",2225,71569,1855,20460,521
"03/25/1995",2121,72393,1575,19256,442
"04/01/1995",2329,62976,1598,19217,464
"04/08/1995",2391,66201,2825,19904,623
"04/15/1995",2223,67473,1718,20693,462
"04/22/1995",2403,62451,2186,22365,489
"04/29/1995",1781,61285,1777,24938,384
"05/06/1995",1981,70020,1936,22592,525
"05/13/1995",2249,67486,1770,20978,468
"05/20/1995",1972,63133,1769,19527,396
"05/27/1995",1746,56994,1729,19521,479
"06/03/1995",1569,52037,1527,17461,416
"06/10/1995",2303,63083,2121,21105,355
"06/17/1995",1889,62342,2010,18692,341
"06/24/1995",2028,66309,2092,19910,308
"07/01/1995",1835,64625,1763,23872,275
"07/08/1995",1286,61643,2318,29762,434
"07/15/1995",1668,63926,2108,31239,410
"07/22/1995",1701,60356,1713,22941,357
"07/29/1995",1395,56442,1635,19178,314
"08/05/1995",1778,61559,2137,18888,313
"08/12/1995",1300,60841,1721,17843,258
"08/19/1995",1327,57010,1333,17494,310
"08/26/1995",1222,55708,1628,18644,295
"09/02/1995",1594,53423,1730,17727,343
"09/09/1995",1508,50524,1851,16622,313
"09/16/1995",1590,58390,1761,20763,337
"09/23/1995",1535,56982,1615,17853,382
"09/30/1995",1686,57621,1611,18088,321
"10/07/1995",2272,65997,2434,20073,480
"10/14/1995",2177,60695,1771,18444,405
"10/21/1995",2150,67992,1698,20256,470
"10/28/1995",2479,64180,1562,19476,630
"11/04/1995",2489,70813,1835,21144,813
"11/11/1995",1843,65040,1613,23975,585
"11/18/1995",2164,74893,1876,23422,646
"11/25/1995",1942,49546,1452,22988,498
"12/02/1995",2541,79563,1959,29359,645
"12/09/1995",2126,72290,1842,24029,638
"12/16/1995",2349,77988,1736,23474,575
"12/23/1995",2162,70351,1922,26300,677
"12/30/1995",1838,58081,1964,28363,1099
"01/06/1996",2897,62856,2491,37425,1014
"01/13/1996",3191,73965,2781,31711,1262
"01/20/1996",2378,66986,1951,26571,648
"01/27/1996",2530,72216,2106,30244,754
"02/03/1996",2257,78921,2415,24429,939
"02/10/1996",2370,86545,1870,24666,682
"02/17/1996",2396,65724,1821,22320,549
"02/24/1996",1893,71363,1427,18983,441
"03/02/1996",2338,76213,2092,26005,686
"03/09/1996",2095,73217,2169,21712,518
"03/16/1996",2177,67466,1843,22591,447
"03/23/1996",2166,62530,1720,25536,445
"03/30/1996",2296,61028,1621,21242,454
"04/06/1996",2760,64064,1998,20384,480
"04/13/1996",2040,58717,2303,22776,696
"04/20/1996",2255,62047,1716,25250,448
"04/27/1996",1832,56575,1588,19724,370
"05/04/1996",1919,61563,1853,19366,397
"05/11/1996",1749,63978,1873,18714,350
"05/18/1996",1771,59660,1665,16914,353
"05/25/1996",1831,58334,1769,17512,399
"06/01/1996",1493,51388,1359,15156,457
"06/08/1996",1875,63666,2062,19071,476
"06/15/1996",1832,61543,2309,17121,324
"06/22/1996",1541,67757,2166,17366,384
"06/29/1996",1486,63885,1799,21613,424
"07/06/1996",1550,58134,1790,27242,441
"07/13/1996",1829,62123,2276,28360,473
"07/20/1996",1378,56464,1786,19068,378
"07/27/1996",1430,56834,1559,16520,340
"08/03/1996",1468,58758,1760,16409,332
"08/10/1996",1556,60793,1753,17185,320
"08/17/1996",1482,53805,1451,17994,334
"08/24/1996",1463,52127,1787,18152,310
"08/31/1996",1296,52693,1520,16569,297
"09/07/1996",1196,50002,1690,14963,307
"09/14/1996",1759,57896,1805,18118,313
"09/21/1996",1933,57066,1645,16245,301
"09/28/1996",1785,57150,1439,15343,389
"10/05/1996",2235,62639,1562,17639,418
"10/12/1996",2036,61640,2052,17207,449
"10/19/1996",1643,56360,1795,16299,492
"10/26/1996",2565,60205,1615,18239,572
"11/02/1996",2201,66904,1673,18440,808
"11/09/1996",2249,70818,1971,21065,735
"11/16/1996",2017,62829,2453,20685,577
"11/23/1996",2255,82216,2590,23087,823
"11/30/1996",1795,47527,1457,20760,789
"12/07/1996",2201,75339,2001,27072,791
"12/14/1996",2148,75634,1712,24466,690
"12/21/1996",1842,64752,1821,23920,1103
"12/28/1996",1698,62979,1797,24366,819
"01/04/1997",2103,69325,2449,44365,607
"01/11/1997",3427,75729,2808,32381,1196
"01/18/1997",2681,74314,2090,26688,869
"01/25/1997",1962,65317,1870,21401,592
"02/01/1997",2538,76314,2095,22646,610
"02/08/1997",2271,81629,1857,22140,635
"02/15/1997",2203,59522,1707,20122,616
"02/22/1997",1854,61415,1582,17241,501
"03/01/1997",2156,61965,1692,25583,543
"03/08/1997",2016,62958,1917,20013,469
"03/15/1997",2050,57201,1658,18124,513
"03/22/1997",2131,57075,1526,16899,480
"03/29/1997",2149,55250,1308,17102,424
"04/05/1997",2271,58894,2639,20557,419
"04/12/1997",2426,55712,2255,19778,870
"04/19/1997",2146,54527,1597,16533,528
"04/26/1997",2019,52469,1603,18500,357
"05/03/1997",1999,56822,1785,24884,419
"05/10/1997",1729,57129,1950,18543,381
"05/17/1997",1898,53743,1884,16619,307
"05/24/1997",1690,53562,1910,16606,318
"05/31/1997",1298,48399,1541,14946,366
"06/07/1997",1907,60609,1953,18115,403
"06/14/1997",2001,58766,1996,16405,364
"06/21/1997",1537,61290,2507,16125,257
"06/28/1997",1422,61277,1647,18532,257
"07/05/1997",1226,58247,1655,27848,252
"07/12/1997",1508,60277,2363,25207,358
"07/19/1997",1447,55936,1805,17874,290
"07/26/1997",1496,52129,1607,14956,241
"08/02/1997",1346,56679,1895,14862,291
"08/09/1997",1364,59847,1899,16173,279
"08/16/1997",1346,54842,1481,15420,330
"08/23/1997",1346,51025,1826,16127,257
"08/30/1997",1278,51091,1680,16290,242
"09/06/1997",1318,47573,1858,13690,242
"09/13/1997",1536,52863,1899,16812,237
"09/20/1997",1634,55040,1628,14911,251
"09/27/1997",1918,57531,1505,14562,262
"10/04/1997",1890,60808,1563,15388,280
"10/11/1997",2191,60934,1935,18405,383
"10/18/1997",1778,56612,1690,14338,365
"10/25/1997",2225,58575,1566,17902,474
"11/01/1997",2416,61123,1564,17546,492
"11/08/1997",2387,69753,1862,19101,646
"11/15/1997",1971,68658,1479,18854,655
"11/22/1997",2058,65990,1878,21548,680
"11/29/1997",1878,63452,1396,20249,574
"12/06/1997",2435,69316,2116,26543,719
"12/13/1997",1822,59084,1936,20861,759
"12/20/1997",2206,60334,1742,20143,624
"12/27/1997",1855,51103,1607,20753,771
"01/03/1998",2077,47148,1804,40290,578
"01/10/1998",3570,66931,2618,33211,1060
"01/17/1998",2530,67251,2160,25348,763
"01/24/1998",1870,54043,1588,19457,578
"01/31/1998",2176,64713,1795,21457,671
"02/07/1998",2095,86174,1854,21025,602
"02/14/1998",2096,67668,1684,19228,566
"02/21/1998",1695,62582,1404,15916,514
"02/28/1998",1882,62732,1660,25676,577
"03/07/1998",2074,61813,1970,18035,599
"03/14/1998",1906,56176,1935,17023,486
"03/21/1998",2351,54835,1787,17434,483
"03/28/1998",2073,56664,1531,16417,460
"04/04/1998",2174,62846,2162,15787,457
"04/11/1998",2069,55776,2046,17170,627
"04/18/1998",2127,53017,1888,19656,516
"04/25/1998",2034,48574,1905,25999,457
"05/02/1998",2099,53488,1990,16373,293
"05/09/1998",1981,59959,2318,15932,308
"05/16/1998",1480,55393,1779,15109,318
"05/23/1998",1622,50365,1648,14813,289
"05/30/1998",1532,47097,1560,13722,333
"06/06/1998",1928,53329,2213,16378,420
"06/13/1998",1893,51181,1977,14507,398
"06/20/1998",1512,52038,2496,16542,337
"06/27/1998",1546,51970,1725,22951,286
"07/04/1998",1427,52739,1770,29028,275
"07/11/1998",1571,51629,2545,28795,381
"07/18/1998",1422,45129,1855,18920,315
"07/25/1998",1398,52443,1687,15205,291
"08/01/1998",1374,48885,1622,14061,278
"08/08/1998",1455,52227,1768,14712,306
"08/15/1998",1313,43791,1521,14200,253
"08/22/1998",1450,43553,1289,14246,274
"08/29/1998",1479,41715,1788,15579,307
"09/05/1998",1762,44419,2280,14519,279
"09/12/1998",1350,38459,1904,12886,246
"09/19/1998",1830,43857,1654,15321,303
"09/26/1998",1817,44105,1550,13133,274
"10/03/1998",2213,47677,1662,15399,330
"10/10/1998",2076,50551,2112,16426,516
"10/17/1998",2011,47142,1708,13419,428
"10/24/1998",2058,51520,1597,16557,459
"10/31/1998",2280,56398,1470,16489,540
"11/07/1998",2282,67108,1680,18080,921
"11/14/1998",1975,59800,1715,19007,892
"11/21/1998",2323,60555,1870,21078,715
"11/28/1998",1900,45807,1439,18433,574
"12/05/1998",2368,72056,1966,26568,622
"12/12/1998",1965,53401,1746,19836,702
"12/19/1998",2087,53859,1769,19689,691
"12/26/1998",2071,51006,1591,20267,1221
"01/02/1999",2234,46973,1884,33769,589
"01/09/1999",3579,64308,2793,37192,1145
"01/16/1999",2861,55050,1835,25436,850
"01/23/1999",2381,55132,1824,20012,567
"01/30/1999",2494,59366,1748,19587,746
"02/06/1999",2629,70896,1964,19529,636
"02/13/1999",2447,66543,1610,17929,551
"02/20/1999",1885,55132,1248,15562,522
"02/27/1999",2040,54038,1572,25072,552
"03/06/1999",2090,54609,1542,17499,539
"03/13/1999",1887,51900,1801,17108,465
"03/20/1999",2137,51396,1464,16461,472
"03/27/1999",2168,49805,1256,16110,405
"04/03/1999",2353,50948,1762,16519,360
"04/10/1999",2288,53952,2405,21757,603
"04/17/1999",2037,49177,1598,23355,494
"04/24/1999",2161,45041,1614,18758,447
"05/01/1999",1996,47493,1579,16074,503
"05/08/1999",1997,55719,1643,14257,419
"05/15/1999",1729,45998,1770,14371,284
"05/22/1999",1584,45290,1742,13730,309
"05/29/1999",1691,44559,1694,14196,324
"06/05/1999",1628,43189,1986,13656,360
"06/12/1999",1962,46856,1722,14255,371
"06/19/1999",1658,50026,1836,12812,313
"06/26/1999",1568,49244,1589,14083,267
"07/03/1999",1590,52654,1579,18013,244
"07/10/1999",1311,46481,1860,26769,335
"07/17/1999",1414,47102,1706,20474,278
"07/24/1999",1404,43291,1411,13614,260
"07/31/1999",1379,45740,1572,13276,257
"08/07/1999",1446,49016,1636,13154,281
"08/14/1999",1219,43497,1464,12982,223
"08/21/1999",1341,42481,1193,13334,212
"08/28/1999",1372,40545,1497,14540,206
"09/04/1999",1476,43113,1500,12781,227
"09/11/1999",1545,38685,1399,11244,228
"09/18/1999",1747,43501,1440,13808,193
"09/25/1999",1725,42990,1279,13001,278
"10/02/1999",2044,44027,1207,12552,270
"10/09/1999",2059,48263,1830,13619,337
"10/16/1999",1960,42141,1478,13017,363
"10/23/1999",2047,49570,1475,14490,421
"10/30/1999",2287,48026,1619,14547,417
"11/06/1999",2472,60994,1577,14849,621
"11/13/1999",1892,58477,1315,15929,454
"11/20/1999",2295,62781,1499,17158,529
"11/27/1999",1660,40387,1020,14861,667
"12/04/1999",2113,60126,1629,24299,593
"12/11/1999",2055,49072,1407,16561,551
"12/18/1999",2082,48670,1399,16673,603
"12/25/1999",1820,48626,1544,18445,709
"01/01/2000",1757,37253,1382,27451,498
"01/08/2000",3580,58879,2880,37604,882
"01/15/2000",2626,50818,1845,22887,719
"01/22/2000",1934,50773,1571,17040,498
"01/29/2000",2069,52523,1799,20546,544
"02/05/2000",2052,63663,1615,17694,526
"02/12/2000",1897,57902,1310,17529,458
"02/19/2000",1810,56578,1300,14600,427
"02/26/2000",1584,51042,1068,14157,382
"03/04/2000",1896,53865,1505,21980,389
"03/11/2000",2174,50944,1367,14432,420
"03/18/2000",1956,45679,1217,12956,443
"03/25/2000",1904,43796,1220,13813,451
"04/01/2000",2029,42535,1116,13622,341
"04/08/2000",2287,43527,2100,14370,472
"04/15/2000",1808,40406,1598,13192,388
"04/22/2000",1825,44003,1109,13845,381
"04/29/2000",1701,39490,1241,20580,359
"05/06/2000",1774,48561,1429,21295,288
"05/13/2000",1592,45822,1431,12145,283
"05/20/2000",1642,42096,1284,12241,313
"05/27/2000",1588,40841,1206,12440,293
"06/03/2000",1677,40337,1181,11977,280
"06/10/2000",1807,45289,1311,14115,356
"06/17/2000",1477,48336,1306,12572,309
"06/24/2000",1354,49083,1452,13120,267
"07/01/2000",1474,47673,1282,17545,222
"07/08/2000",1262,43774,1670,23114,300
"07/15/2000",1439,44716,1559,21977,288
"07/22/2000",1376,42073,1271,12980,265
"07/29/2000",1310,40852,1224,12217,233
"08/05/2000",1382,47406,1321,13012,245
"08/12/2000",1361,44542,1345,13586,195
"08/19/2000",1336,39537,1114,14864,215
"08/26/2000",1336,38952,1367,15232,234
"09/02/2000",1418,38889,1243,13025,238
"09/09/2000",1574,37374,1113,11381,199
"09/16/2000",1626,39908,1199,13708,253
"09/23/2000",1543,40456,1122,11930,233
"09/30/2000",1648,42601,1035,11725,261
"10/07/2000",1946,47525,1550,13450,404
"10/14/2000",1713,44176,1258,12712,366
"10/21/2000",1722,46818,1270,13721,428
"10/28/2000",1937,46295,1103,14089,419
"11/04/2000",2266,58986,1177,15304,532
"11/11/2000",2054,47394,1134,17054,682
"11/18/2000",2149,60888,1438,17360,944
"11/25/2000",1575,42099,1246,15362,470
"12/02/2000",1940,56139,1320,26853,680
"12/09/2000",1939,48829,1254,18387,536
"12/16/2000",1855,48283,1144,18834,787
"12/23/2000",2368,50680,1287,19695,681
"12/30/2000",1860,42486,1320,22658,511
"01/06/2001",2670,45628,1692,41621,534
"01/13/2001",2552,57397,1872,27213,785
"01/20/2001",1778,41325,1134,17813,471
"01/27/2001",1901,54714,1501,21594,499
"02/03/2001",1835,59835,1384,20803,417
"02/10/2001",1810,61218,1390,20136,436
"02/17/2001",1645,52047,1454,18348,400
"02/24/2001",1618,53182,1218,16023,329
"03/03/2001",1732,55905,1420,25875,371
"03/10/2001",2011,58165,1250,17931,438
"03/17/2001",1857,51280,1281,21928,373
"03/24/2001",1788,48891,1249,17019,286
"03/31/2001",1762,49453,1144,17583,255
"04/07/2001",2008,52514,1995,18681,433
"04/14/2001",1756,51118,5247,19763,383
"04/21/2001",1559,50068,3971,30217,334
"04/28/2001",1615,48411,3585,19572,224
"05/05/2001",1669,55442,2839,16522,249
"05/12/2001",1558,55190,1945,17174,266
"05/19/2001",1455,51770,1424,17806,205
"05/26/2001",1443,49595,1346,17427,232
"06/02/2001",1342,43580,1430,17214,174
"06/09/2001",1525,50593,1586,18927,339
"06/16/2001",1365,51953,1432,16349,264
"06/23/2001",1363,54129,1748,18169,205
"06/30/2001",1363,53570,1306,21843,181
"07/07/2001",1330,48641,1595,27957,227
"07/14/2001",1318,54437,1791,29184,199
"07/21/2001",1175,51918,1411,18672,177
"07/28/2001",1164,48414,1323,17444,168
"08/04/2001",1203,54203,1567,17143,182
"08/11/2001",1162,52998,1403,17339,165
"08/18/2001",1108,47738,1217,18401,175
"08/25/2001",1143,47209,1394,19767,180
"09/01/2001",1113,47709,1358,17325,171
"09/08/2001",1290,44250,1329,16945,177
"09/15/2001",1490,44955,1453,17812,194
"09/22/2001",1738,54304,4088,28503,236
"09/29/2001",1795,58782,5099,30464,253
"10/06/2001",1946,63962,4052,30073,271
"10/13/2001",1765,56786,3344,25832,334
"10/20/2001",1846,67177,2635,26041,368
"10/27/2001",2327,62619,3024,25647,393
"11/03/2001",2325,66723,2707,24211,406
"11/10/2001",2170,67357,2670,26708,494
"11/17/2001",1943,62457,2661,23851,512
"11/24/2001",1620,47862,1805,23931,452
"12/01/2001",2158,67127,2550,34238,771
"12/08/2001",2081,60208,2695,25577,697
"12/15/2001",1689,52738,2135,24399,555
"12/22/2001",2030,48436,2609,25163,587
"12/29/2001",1894,36801,1895,26596,558
"01/05/2002",2448,57613,2292,52234,632
"01/12/2002",2701,91481,3098,36192,904
"01/19/2002",2163,79782,2563,28338,674
"01/26/2002",1892,66967,1981,23693,556
"02/02/2002",1930,68609,2467,24093,548
"02/09/2002",1191,66767,2430,25222,615
"02/16/2002",1766,57920,1760,21752,491
"02/23/2002",1764,55146,1375,20276,429
"03/02/2002",1875,58208,1850,30242,528
"03/09/2002",1931,58799,1805,22490,491
"03/16/2002",1798,54265,1606,20308,445
"03/23/2002",1905,58744,1556,20721,417
"03/30/2002",3446,60087,1423,24263,430
"04/06/2002",3609,55056,2116,30774,543
"04/13/2002",2439,63829,1992,30835,609
"04/20/2002",1988,65554,1939,19724,783
"04/27/2002",1899,61886,1978,21074,402
"05/04/2002",1710,58442,2054,19669,337
"05/11/2002",1728,56917,1928,20308,369
"05/18/2002",1463,52615,2019,18546,383
"05/25/2002",1798,54426,1684,20307,403
"06/01/2002",1487,45349,1238,17126,352
"06/08/2002",1798,53456,1615,20991,441
"06/15/2002",1486,55111,1740,17415,390
"06/22/2002",1295,57963,1673,19396,406
"06/29/2002",1427,57183,1428,22223,320
"07/06/2002",1316,55323,1495,32730,302
"07/13/2002",1568,61104,1843,31752,412
"07/20/2002",1542,57700,1411,19020,389
"07/27/2002",1381,59024,1410,17693,337
"08/03/2002",1439,51530,1436,17591,341
"08/10/2002",1330,53187,1467,18493,355
"08/17/2002",1423,51663,1243,17763,305
"08/24/2002",1445,51521,1481,21782,378
"08/31/2002",1302,49708,1353,19261,365
"09/07/2002",1403,45561,1411,18997,360
"09/14/2002",1787,51055,1676,20573,412
"09/21/2002",1879,52949,1468,19140,400
"09/28/2002",1856,52169,1363,18521,363
"10/05/2002",2165,63033,1454,20846,538
"10/12/2002",2186,61702,1777,21813,499
"10/19/2002",1770,60476,1723,18888,483
"10/26/2002",2359,59879,1911,21726,650
"11/02/2002",2119,60404,1409,20819,849
"11/09/2002",2165,68193,1530,23819,917
"11/16/2002",2025,54922,1610,22214,686
"11/23/2002",2103,72428,1532,24064,689
"11/30/2002",1758,43771,1253,22272,828
"12/07/2002",2193,64043,2439,33661,856
"12/14/2002",1857,57110,2014,25170,753
"12/21/2002",2273,64958,1443,22512,728
"12/28/2002",2091,55624,1520,23247,757
"01/04/2003",2476,53114,1862,51564,738
"01/11/2003",3198,75336,2403,36397,990
"01/18/2003",2669,73609,1863,30058,816
"01/25/2003",2023,62590,1531,24902,687
"02/01/2003",2244,63564,1547,25704,714
"02/08/2003",2068,67283,1644,24841,743
"02/15/2003",1968,57723,1449,22049,617
"02/22/2003",1726,57572,1311,20930,544
"03/01/2003",1881,62858,1429,33730,615
"03/08/2003",1900,62205,1551,23109,550
"03/15/2003",1857,57078,1410,21191,471
"03/22/2003",1964,57900,1460,19981,681
"03/29/2003",2340,56385,1329,19762,554
"04/05/2003",2016,56743,2024,21551,548
"04/12/2003",2288,65710,2135,22192,647
"04/19/2003",2078,61865,1644,23002,457
"04/26/2003",1896,58686,1669,27880,389
"05/03/2003",1652,58061,1528,30585,469
"05/10/2003",1963,58478,1748,21097,467
"05/17/2003",1744,52146,1583,19337,377
"05/24/2003",1880,52454,1530,21571,342
"05/31/2003",1526,46803,1330,19076,401
"06/07/2003",1879,56931,1731,21889,456
"06/14/2003",1549,56254,1820,18426,365
"06/21/2003",1513,60013,1732,18888,356
"06/28/2003",1445,57828,1383,21516,327
"07/05/2003",1429,60031,1289,31521,335
"07/12/2003",1555,63692,2041,38419,425
"07/19/2003",1458,56306,1404,20976,350
"07/26/2003",1269,51472,1329,18083,262
"08/02/2003",1281,51521,1358,18201,318
"08/09/2003",1231,52750,1515,19178,304
"08/16/2003",1336,44445,1112,18270,291
"08/23/2003",1318,48942,1301,19171,327
"08/30/2003",1279,50419,2081,20290,323
"09/06/2003",1361,45591,1670,19852,290
"09/13/2003",1512,50734,1439,21866,329
"09/20/2003",1947,48425,1310,18306,343
"09/27/2003",2022,46464,1241,18032,311
"10/04/2003",2034,57898,1494,18322,394
"10/11/2003",2144,58083,1597,20301,508
"10/18/2003",1846,54311,1459,17420,463
"10/25/2003",2552,67829,1334,19311,475
"11/01/2003",2225,55018,1193,19783,617
"11/08/2003",2381,63722,1533,22052,1038
"11/15/2003",2058,53962,1174,20831,638
"11/22/2003",2402,60966,1388,22926,637
"11/29/2003",1761,41478,1233,20770,723
"12/06/2003",2283,57961,1629,32092,663
"12/13/2003",1842,48354,1496,22509,712
"12/20/2003",2109,45025,1376,23324,644
"12/27/2003",1997,48951,1138,22866,786
"01/03/2004",2374,43369,1504,43356,576
"01/10/2004",3005,58102,2265,39196,1076
"01/17/2004",1458,58010,1499,29037,770
"01/24/2004",2927,49387,1349,25595,550
"01/31/2004",2175,56855,1574,24094,582
"02/07/2004",2061,57263,1461,24818,631
"02/14/2004",1904,44631,1303,20833,601
"02/21/2004",1535,48579,1437,18029,399
"02/28/2004",1765,58077,1288,31524,480
"03/06/2004",1837,50815,1643,19178,590
"03/13/2004",1698,48636,1727,18094,467
"03/20/2004",1739,45763,1346,17487,416
"03/27/2004",2027,43842,1335,19148,378
"04/03/2004",2093,42002,1851,16365,411
"04/10/2004",2045,54064,1500,20396,621
"04/17/2004",1682,47265,1626,35363,426
"04/24/2004",1582,46901,1288,21139,365
"05/01/2004",1534,43313,1223,17753,325
"05/08/2004",1537,45069,1326,17284,315
"05/15/2004",1450,43348,1215,16831,333
"05/22/2004",1716,42218,1138,16399,362
"05/29/2004",1498,40708,1105,16885,420
"06/05/2004",1521,43381,1214,17596,401
"06/12/2004",1338,42855,1175,15910,290
"06/19/2004",1523,48920,1473,17495,299
"06/26/2004",1191,45054,1127,18169,274
"07/03/2004",1343,47353,1163,25987,287
"07/10/2004",1219,48026,1279,35990,370
"07/17/2004",1316,45513,1174,23505,285
"07/24/2004",1212,42742,1095,17650,269
"07/31/2004",1161,41341,1036,16252,255
"08/07/2004",1294,43169,1308,17040,275
"08/14/2004",1210,39733,1208,16424,259
"08/21/2004",1173,39846,1013,17020,257
"08/28/2004",1269,37739,1041,20007,280
"09/04/2004",1307,40642,1215,17922,321
"09/11/2004",1269,35314,1164,16900,312
"09/18/2004",1720,39886,1134,18450,326
"09/25/2004",2119,38942,1000,16773,327
"10/02/2004",2219,43022,1074,15526,289
"10/09/2004",2189,46050,1284,18817,471
"10/16/2004",1835,37740,1054,17152,432
"10/23/2004",1878,49289,1149,18726,448
"10/30/2004",2045,48763,1017,18628,514
"11/06/2004",2408,52288,1230,19249,647
"11/13/2004",1929,45998,1075,19084,489
"11/20/2004",2318,51678,1163,21215,532
"11/27/2004",1618,37210,924,17622,622
"12/04/2004",2104,51187,1304,31635,807
"12/11/2004",1773,47104,1229,20647,580
"12/18/2004",1917,44073,1068,20232,480
"12/25/2004",1891,48149,935,23173,648
"01/01/2005",1960,49710,1514,34046,562
"01/08/2005",3287,61736,1909,49443,953
"01/15/2005",2329,59251,1381,26854,1002
"01/22/2005",1960,47796,1225,21874,466
"01/29/2005",2006,49991,1277,24614,431
"02/05/2005",2001,49876,1250,22278,462
"02/12/2005",1758,46098,1842,19600,441
"02/19/2005",1705,47440,969,17605,448
"02/26/2005",1543,44609,911,17560,341
"03/05/2005",1717,45818,1099,30182,348
"03/12/2005",1710,44824,1071,18643,312
"03/19/2005",1819,39977,1070,17195,443
"03/26/2005",1787,45372,820,17691,391
"04/02/2005",2019,36929,1264,19955,313
"04/09/2005",2012,47909,1458,19932,573
"04/16/2005",1848,41580,1120,16755,401
"04/23/2005",1587,44436,991,16166,408
"04/30/2005",1540,41643,978,21209,380
"05/07/2005",1646,40746,1092,29319,278
"05/14/2005",1547,39044,966,17154,444
"05/21/2005",1504,38841,950,16019,342
"05/28/2005",1475,37890,905,16300,294
"06/04/2005",1393,35513,1006,16153,385
"06/11/2005",1331,40011,942,16979,305
"06/18/2005",1420,40165,1300,15345,246
"06/25/2005",1255,39481,1050,16933,272
"07/02/2005",1092,39221,967,21689,232
"07/09/2005",1151,37531,1019,32626,300
"07/16/2005",1199,40195,977,24554,230
"07/23/2005",1079,37043,880,16016,205
"07/30/2005",1095,36006,886,15048,212
"08/06/2005",1130,37730,958,15737,219
"08/13/2005",1087,34673,901,15330,227
"08/20/2005",1081,33187,748,16379,242
"08/27/2005",1304,33481,1008,19093,237
"09/03/2005",1433,33392,976,17109,255
"09/10/2005",1238,30616,862,16306,232
"09/17/2005",1835,36462,945,16570,252
"09/24/2005",1889,34295,879,14935,269
"10/01/2005",2156,34382,763,14592,214
"10/08/2005",2078,39540,1097,18098,548
"10/15/2005",1953,31142,959,18746,448
"10/22/2005",1971,40361,1078,20414,353
"10/29/2005",2270,38567,854,16635,421
"11/05/2005",2258,39420,983,19492,467
"11/12/2005",2059,35695,826,16503,371
"11/19/2005",2457,44270,988,21389,547
"11/26/2005",1558,29943,763,17769,375
"12/03/2005",2093,52879,1297,28983,789
"12/10/2005",1888,39086,959,19937,820
"12/17/2005",2166,41464,825,22361,440
"12/24/2005",2199,46494,930,22115,485
"12/31/2005",1878,35799,885,27284,417
"01/07/2006",2836,52484,1302,47167,607
"01/14/2006",2361,47545,1142,26028,509
"01/21/2006",1904,41913,1001,18416,427
"01/28/2006",1940,40915,1102,19784,361
"02/04/2006",1864,41914,1257,19695,303
"02/11/2006",1700,43727,986,18870,301
"02/18/2006",1483,35741,905,17168,503
"02/25/2006",1474,34803,939,16729,450
"03/04/2006",1622,42715,1318,28778,329
"03/11/2006",1534,46216,1183,17319,319
"03/18/2006",1736,39248,1176,15769,368
"03/25/2006",1662,37240,1370,17040,326
"04/01/2006",1521,33265,1662,14394,245
"04/08/2006",1803,52432,1849,16595,525
"04/15/2006",1486,40907,1112,16566,311
"04/22/2006",1616,41201,966,24014,259
"04/29/2006",1488,39500,975,27728,312
"05/06/2006",1610,40242,984,16386,242
"05/13/2006",1473,38239,988,15493,223
"05/20/2006",1281,36729,1068,15329,265
"05/27/2006",1438,39150,977,16758,276
"06/03/2006",1458,33024,1061,14322,290
"06/10/2006",1359,35571,1127,16326,267
"06/17/2006",1435,40176,962,14378,212
"06/24/2006",1184,39885,1122,15527,191
"07/01/2006",1094,38605,985,19771,201
"07/08/2006",1228,42144,1088,33165,321
"07/15/2006",1357,40630,1036,26706,220
"07/22/2006",1183,36013,857,14783,220
"07/29/2006",1153,39615,924,14562,190
"08/05/2006",1156,38389,1044,14614,177
"08/12/2006",1095,36436,970,15044,162
"08/19/2006",1091,35932,735,14250,196
"08/26/2006",1171,35833,965,18749,191
"09/02/2006",1245,35166,877,16713,197
"09/09/2006",1214,30480,920,14568,184
"09/16/2006",1370,34816,1033,15716,215
"09/23/2006",1477,36110,889,15198,227
"09/30/2006",1400,35917,898,14318,207
"10/07/2006",2315,40100,1241,16611,332
"10/14/2006",1927,38302,1058,15444,361
"10/21/2006",1714,37529,1226,17410,334
"10/28/2006",1887,40946,1039,18424,321
"11/04/2006",2257,40742,1124,18999,469
"11/11/2006",1988,41191,954,18965,324
"11/18/2006",2531,51121,1204,18980,483
"11/25/2006",1564,40281,856,16853,307
"12/02/2006",2061,49543,1061,27183,566
"12/09/2006",1754,41022,1005,19256,432
"12/16/2006",1738,46902,963,20527,376
"12/23/2006",1776,48824,1001,18595,342
"12/30/2006",1550,39946,1048,24292,582
"01/06/2007",1479,44339,1322,51319,438
"01/13/2007",3316,54358,1487,24429,697
"01/20/2007",1836,43371,1074,19100,542
"01/27/2007",1844,48749,1243,20123,433
"02/03/2007",1711,47381,1108,18714,418
"02/10/2007",1629,46294,1153,19273,425
"02/17/2007",1487,43583,970,18877,402
"02/24/2007",1405,39142,884,16821,330
"03/03/2007",1519,45583,1112,27525,375
"03/10/2007",1678,42402,997,16890,380
"03/17/2007",1641,38306,1033,15943,332
"03/24/2007",1538,40169,1230,15739,308
"03/31/2007",1319,38747,1011,14305,355
"04/07/2007",1979,47397,1109,18158,606
"04/14/2007",1448,42103,1038,34204,557
"04/21/2007",1514,42850,959,20627,321
"04/28/2007",1400,42485,1031,15756,270
"05/05/2007",1340,41714,1026,15111,226
"05/12/2007",1271,40194,1064,14359,273
"05/19/2007",1394,40773,1096,14399,306
"05/26/2007",1605,40865,989,16196,273
"06/02/2007",1412,33578,864,14641,410
"06/09/2007",1367,43931,1125,15788,311
"06/16/2007",1230,43115,1071,13969,304
"06/23/2007",1065,42335,1153,15038,227
"06/30/2007",1056,43736,997,19006,240
"07/07/2007",1267,45824,1209,31255,343
"07/14/2007",1153,43410,1237,24570,279
"07/21/2007",1016,40865,1043,14812,221
"07/28/2007",1032,41035,1041,14221,243
"08/04/2007",1071,39249,1110,14483,223
"08/11/2007",1041,41634,1053,15824,252
"08/18/2007",1015,37252,870,15397,232
"08/25/2007",1124,39297,1126,18592,238
"09/01/2007",1142,38658,1021,17023,241
"09/08/2007",1133,34373,1004,14857,208
"09/15/2007",1266,39693,1169,15438,213
"09/22/2007",1407,39576,895,15018,229
"09/29/2007",1349,39271,952,13720,272
"10/06/2007",1490,45569,1189,16809,303
"10/13/2007",2270,40738,1269,15085,385
"10/20/2007",1642,47733,1231,17619,402
"10/27/2007",1849,48471,1063,16117,389
"11/03/2007",1949,49807,1059,16652,411
"11/10/2007",2073,55564,1141,19042,448
"11/17/2007",1887,49662,1006,18731,432
"11/24/2007",1498,39259,924,17815,475
"12/01/2007",1911,55964,1377,29699,520
"12/08/2007",1843,55559,1659,20467,535
"12/15/2007",1695,50234,1869,22429,739
"12/22/2007",1810,56547,1179,21207,518
"12/29/2007",1385,42187,984,22768,648
"01/05/2008",1584,44001,1285,53063,452
"01/12/2008",3181,71059,1912,27691,719
"01/19/2008",2097,56853,1410,21997,552
"01/26/2008",1701,57122,1264,19963,622
"02/02/2008",1893,54190,1363,21065,446
"02/09/2008",1634,62024,1596,20017,468
"02/16/2008",1481,46032,1469,18568,409
"02/23/2008",1475,49014,1136,18517,319
"03/01/2008",1461,49869,1338,32212,324
"03/08/2008",1588,53926,1370,18706,407
"03/15/2008",1540,48968,1227,16535,433
"03/22/2008",1552,48011,1042,18049,403
"03/29/2008",1507,45744,1363,22159,361
"04/05/2008",1267,48109,2647,19714,407
"04/12/2008",2013,57103,1782,18272,556
"04/19/2008",1648,52007,1546,16662,372
"04/26/2008",1402,50392,1483,21280,303
"05/03/2008",1481,48611,1706,32712,289
"05/10/2008",1394,48394,1451,17472,292
"05/17/2008",1344,47386,1428,16055,318
"05/24/2008",1449,46705,1460,17174,309
"05/31/2008",1381,41941,1438,17035,456
"06/07/2008",1346,52836,1923,18569,358
"06/14/2008",1317,50761,1383,16206,316
"06/21/2008",1151,55852,1841,16955,269
"06/28/2008",1110,54520,1546,19893,259
"07/05/2008",830,49821,1315,25607,245
"07/12/2008",1576,59428,1672,39514,341
"07/19/2008",1197,57845,1819,19062,280
"07/26/2008",1267,61572,1607,17487,284
"08/02/2008",1215,62905,1765,17883,277
"08/09/2008",1722,58667,1640,20582,287
"08/16/2008",1353,50946,1416,18416,225
"08/23/2008",1319,51348,1719,19899,258
"08/30/2008",1277,51439,1802,21479,271
"09/06/2008",1124,48218,1888,18213,301
"09/13/2008",1129,53002,2122,19642,340
"09/20/2008",1288,53056,1926,17675,289
"09/27/2008",1372,53801,2006,18386,306
"10/04/2008",1546,59884,2092,20819,375
"10/11/2008",2111,62502,2092,26083,513
"10/18/2008",1668,62517,2052,19988,301
"10/25/2008",2113,67062,2128,23158,509
"11/01/2008",2090,63459,2135,23458,536
"11/08/2008",2227,78991,2185,27157,750
"11/15/2008",1897,69501,2067,26688,660
"11/22/2008",2097,80299,2382,29991,688
"11/29/2008",1553,60318,2065,28022,597
"12/06/2008",2009,83084,2809,39623,896
"12/13/2008",1652,66478,2545,32824,920
"12/20/2008",1833,87588,2624,32790,1165
"12/27/2008",1237,77656,2145,30161,779
"01/03/2009",1512,62809,2225,54578,859
"01/10/2009",4160,85139,3211,52775,1293
"01/17/2009",2653,87104,2497,40397,1041
"01/24/2009",2218,75111,2442,33406,904
"01/31/2009",2808,95112,2595,32569,987
"02/07/2009",2452,89778,2687,35788,955
"02/14/2009",2072,73209,2441,31785,975
"02/21/2009",1777,75975,2053,28450,932
"02/28/2009",1972,83762,2391,44643,965
"03/07/2009",2107,82156,2648,33592,1028
"03/14/2009",2014,71771,2548,31123,1067
"03/21/2009",1994,79623,2793,28040,1037
"03/28/2009",1904,73443,2239,27772,1077
"04/04/2009",1808,68225,2536,27393,1203
"04/11/2009",3166,74656,2389,30841,1478
"04/18/2009",2302,83455,2720,37600,947
"04/25/2009",2029,72336,2496,40067,780
"05/02/2009",2134,70656,2617,26793,835
"05/09/2009",2002,60936,2585,27224,819
"05/16/2009",1850,66482,2707,26456,759
"05/23/2009",1912,67205,2389,25715,672
"05/30/2009",2077,63302,2337,25526,719
"06/06/2009",1969,68453,3006,30203,908
"06/13/2009",1780,70933,2490,24854,874
"06/20/2009",1615,85561,2807,25145,706
"06/27/2009",1602,82120,2555,28189,633
"07/04/2009",1385,77652,2212,37159,552
"07/11/2009",2152,76313,2857,49737,694
"07/18/2009",1796,80730,2466,27619,768
"07/25/2009",1925,79650,2555,23951,637
"08/01/2009",1553,72461,2517,23009,586
"08/08/2009",1487,66849,2497,24631,656
"08/15/2009",1552,60464,2464,23600,624
"08/22/2009",1653,68892,2310,23796,654
"08/29/2009",1869,68434,2656,28369,638
"09/05/2009",1835,65898,2620,25909,659
"09/12/2009",1636,63355,2346,24047,593
"09/19/2009",1960,68609,2550,23465,600
"09/26/2009",2027,73297,2339,21170,653
"10/03/2009",2142,69084,2323,22318,784
"10/10/2009",2840,62232,2655,27768,1194
"10/17/2009",2473,68392,2573,23087,1043
"10/24/2009",2320,82763,2196,25332,891
"10/31/2009",2432,75580,2249,23302,1034
"11/07/2009",2461,76612,2408,26719,1067
"11/14/2009",2416,69127,2686,25640,880
"11/21/2009",2629,83868,2491,27258,1067
"11/28/2009",1886,55625,2433,23857,904
"12/05/2009",2409,83563,2796,40236,1216
"12/12/2009",1979,73236,2168,26758,1483
"12/19/2009",2509,80295,2665,27877,1116
"12/26/2009",2157,57356,2035,25832,782
"01/02/2010",1671,55355,2152,48725,930
"01/09/2010",4901,71182,3358,55792,1923
"01/16/2010",3938,114793,2447,33441,1060
"01/23/2010",3145,92225,2465,26749,783
"01/30/2010",3088,94026,2250,26867,960
"02/06/2010",2603,80527,2404,27537,857
"02/13/2010",2368,75183,2446,24822,802
"02/20/2010",2265,63361,2248,24837,452
"02/27/2010",2337,79407,2194,37077,732
"03/06/2010",2345,71929,2059,26160,829
"03/13/2010",2593,74787,2438,22083,743
"03/20/2010",2137,69961,2618,21328,422
"03/27/2010",2196,70933,2101,21952,728
"04/03/2010",1555,68420,2317,21610,748
"04/10/2010",3886,91854,2826,45582,1299
"04/17/2010",3117,77129,2266,24523,752
"04/24/2010",3146,83355,2027,21952,596
"05/01/2010",2670,64710,2113,25957,941
"05/08/2010",2261,73213,2238,22815,645
"05/15/2010",2283,71045,2162,21821,839
"05/22/2010",2241,69877,2550,23399,650
"05/29/2010",2294,71836,2457,24119,642
"06/05/2010",1883,61530,2279,21969,592
"06/12/2010",2060,78701,2540,23499,653
"06/19/2010",1818,75146,1818,19963,545
"06/26/2010",1703,77729,1792,23490,503
"07/03/2010",1582,80048,2657,31509,510
"07/10/2010",2308,71660,2655,49607,591
"07/17/2010",2211,91430,2221,30026,456
"07/24/2010",2218,72973,2064,22226,488
"07/31/2010",2044,71724,2297,23410,475
"08/07/2010",1851,75857,2172,24157,635
"08/14/2010",1783,70683,2401,23365,565
"08/21/2010",2008,64422,1830,23536,514
"08/28/2010",2046,60196,2065,28472,513
"09/04/2010",2067,61018,2357,25599,560
"09/11/2010",1969,50362,1871,22205,441
"09/18/2010",2309,65421,2123,24449,525
"09/25/2010",2392,74349,1949,20815,544
"10/02/2010",2668,68065,2136,21032,587
"10/09/2010",3894,76054,2119,29595,776
"10/16/2010",3293,62455,2193,23218,778
"10/23/2010",2975,66198,2037,23818,699
"10/30/2010",3071,72534,1870,23034,870
"11/06/2010",3239,72330,2112,25142,896
"11/13/2010",2895,67359,2089,24866,815
"11/20/2010",3028,71781,1836,25807,963
"11/27/2010",2283,63632,1534,22504,1010
"12/04/2010",3144,77081,2391,39324,1002
"12/11/2010",2574,78231,1967,26930,797
"12/18/2010",2474,70529,1975,27138,823
"12/25/2010",2151,86581,2022,29099,832
"01/01/2011",1926,72882,2718,37565,736
"01/08/2011",4655,90439,2875,61931,1485
"01/15/2011",3756,76032,2342,33165,1073
"01/22/2011",2815,62534,2363,27558,762
"01/29/2011",2788,74358,2046,27991,733
"02/05/2011",2400,72740,1985,26350,815
"02/12/2011",2238,69807,2111,26419,693
"02/19/2011",2429,67584,2092,22144,708
"02/26/2011",2169,54960,1612,20835,608
"03/05/2011",2331,68273,2104,38809,597
"03/12/2011",2094,62714,2223,21931,665
"03/19/2011",2149,60448,2229,20767,591
"03/26/2011",1979,63875,1833,20559,524
"04/02/2011",1924,56017,2100,20941,631
"04/09/2011",3634,81661,2410,24051,622
"04/16/2011",3048,63753,2118,21862,696
"04/23/2011",2800,63239,1666,22151,565
"04/30/2011",2595,60311,1873,46565,547
"05/07/2011",2294,64211,2203,23151,487
"05/14/2011",1800,57325,2439,20600,502
"05/21/2011",2061,64344,2001,21122,582
"05/28/2011",2125,62167,1894,24231,583
"06/04/2011",1999,60455,1926,20279,530
"06/11/2011",1876,63740,2280,21496,501
"06/18/2011",1740,68800,1912,19272,404
"06/25/2011",1694,74026,1770,21881,434
"07/02/2011",1544,76178,2072,28076,386
"07/09/2011",2373,60423,1930,48711,494
"07/16/2011",2255,80846,2052,31267,394
"07/23/2011",2207,57150,1787,23268,428
"07/30/2011",1908,56255,1835,21120,343
"08/06/2011",1795,64114,1970,21480,376
"08/13/2011",1763,53325,1834,26523,344
"08/20/2011",1776,53954,1656,26295,348
"08/27/2011",1946,57379,1871,25693,381
"09/03/2011",1987,56660,1917,22821,423
"09/10/2011",1838,53238,1653,21683,375
"09/17/2011",2138,54217,1851,26052,400
"09/24/2011",2250,53076,1616,20275,434
"10/01/2011",2262,55899,1743,20030,453
"10/08/2011",3985,69701,2118,28566,691
"10/15/2011",3255,60762,1944,21332,619
"10/22/2011",2983,67960,1976,23790,649
"10/29/2011",3272,62263,1764,22159,717
"11/05/2011",3380,63755,1910,23406,839
"11/12/2011",2593,54044,1818,21294,622
"11/19/2011",3607,73254,2176,26610,697
"11/26/2011",2389,46120,1476,21983,688
"12/03/2011",3003,73771,2293,36043,1186
"12/10/2011",2426,58340,1723,24565,798
"12/17/2011",2349,62984,1872,25703,714
"12/24/2011",2311,79568,2186,25615,824
"12/31/2011",1742,55577,2047,33375,667
"01/07/2012",3946,77696,2566,62758,1020
"01/14/2012",3352,79456,2269,34362,798
"01/21/2012",2813,58743,1742,24955,742
"01/28/2012",3043,63194,1987,26262,685
"02/04/2012",2371,69127,1918,25462,597
"02/11/2012",2147,60602,2003,22975,588
"02/18/2012",2039,59124,1791,21785,567
"02/25/2012",1890,54763,1602,20508,524
"03/03/2012",2018,59128,1803,36971,608
"03/10/2012",2419,54285,1864,22621,573
"03/17/2012",2341,52784,2333,19594,483
"03/24/2012",1966,54859,1683,20147,362
"03/31/2012",1766,54204,1576,18883,476
"04/07/2012",3474,60743,2012,23039,799
"04/14/2012",2823,63731,1947,26377,758
"04/21/2012",2927,62662,1787,41824,570
"04/28/2012",2469,56004,1645,20586,455
"05/05/2012",2141,57816,1832,22916,506
"05/12/2012",1913,54366,1673,19802,437
"05/19/2012",2024,56894,1783,19764,493
"05/26/2012",2130,56586,1826,21265,489
"06/02/2012",1821,52409,1887,20589,508
"06/09/2012",1695,65479,2075,22009,497
"06/16/2012",1543,57319,1698,19123,445
"06/23/2012",1554,65635,1766,21247,438
"06/30/2012",1349,66366,1836,25680,380
"07/07/2012",2025,57751,1989,48029,525
"07/14/2012",2039,83736,1932,37238,416
"07/21/2012",1843,51651,1660,21636,416
"07/28/2012",1658,46847,1605,24859,383
"08/04/2012",1539,50126,1644,22223,382
"08/11/2012",1638,58135,1651,21341,414
"08/18/2012",1551,52563,1375,21728,456
"08/25/2012",1716,50812,1686,24842,408
"09/01/2012",1792,50757,1483,24154,426
"09/08/2012",1571,42604,1586,20726,418
"09/15/2012",1927,61126,1720,22696,394
"09/22/2012",1984,47380,1632,18948,475
"09/29/2012",2125,49411,1518,21692,439
"10/06/2012",2132,44593,1767,24351,626
"10/13/2012",3515,71376,1889,20970,743
"10/20/2012",2683,54891,1874,21638,670
"10/27/2012",3152,55933,1511,21513,722
"11/03/2012",2954,47692,1603,19225,729
"11/10/2012",3128,72388,1536,63237,722
"11/17/2012",2799,46433,1558,32589,687
"11/24/2012",2369,39349,1360,25948,600
"12/01/2012",2977,63737,1760,36935,742
"12/08/2012",2629,69490,1710,25669,767
"12/15/2012",2331,62648,1647,22722,809
"12/22/2012",2499,50989,1855,25151,837
"12/29/2012",1788,53007,1576,25060,812
"01/05/2013",1833,61785,2247,62247,725
"01/12/2013",3805,71894,2492,34734,1066
"01/19/2013",2902,68286,1782,27334,802
"01/26/2013",2557,47902,1587,26704,575
"02/02/2013",2476,59805,1808,28799,656
"02/09/2013",2152,54731,1839,24340,569
"02/16/2013",2101,81454,1659,22677,497
"02/23/2013",1945,41188,1795,20593,541
"03/02/2013",2123,52674,1947,28485,532
"03/09/2013",2166,46601,1793,21268,524
"03/16/2013",2081,49669,1730,19146,479
"03/23/2013",1809,58350,1572,19293,493
"03/30/2013",1713,55779,1414,20295,500
"04/06/2013",1950,42935,2126,40408,538
"04/13/2013",3161,67206,2016,26318,1150
"04/20/2013",2724,50471,1760,19859,809
"04/27/2013",2854,46907,1620,18749,581
"05/04/2013",2448,46822,1893,18580,436
"05/11/2013",1991,61601,1793,19066,430
"05/18/2013",1879,45220,1731,19265,413
"05/25/2013",1962,53918,1636,19267,505
"06/01/2013",1642,45418,1812,20253,427
"06/08/2013",1880,44294,2199,21618,449
"06/15/2013",1482,59299,1680,19513,421
"06/22/2013",1469,65541,1752,21405,399
"06/29/2013",1400,55783,1559,24178,390
"07/06/2013",1094,52265,1735,39399,362
"07/13/2013",2090,59008,2050,34622,460
"07/20/2013",1669,66564,1544,19577,409
"07/27/2013",1616,44887,1605,18494,375
"08/03/2013",1594,49037,1794,17774,411
"08/10/2013",1434,44903,1838,18528,416
"08/17/2013",1417,50619,1399,18994,364
"08/24/2013",1220,48055,1671,22550,500
"08/31/2013",1290,43176,1639,21333,426
"09/07/2013",1209,17975,1657,19082,380
"09/14/2013",1407,40579,1780,20932,400
"09/21/2013",1427,36833,1692,18567,383
"09/28/2013",1728,37861,1497,16884,382
"10/05/2013",2619,71498,3005,18945,914
"10/12/2013",2528,83285,2300,21382,843
"10/19/2013",1743,70249,1736,18605,715
"10/26/2013",2046,65741,1810,20610,556
"11/02/2013",1880,63333,1573,20188,663
"11/09/2013",2144,67992,1718,23039,690
"11/16/2013",1642,63384,1478,20806,515
"11/23/2013",1918,71715,1703,22266,645
"11/30/2013",1521,51862,1406,20037,528
"12/07/2013",1825,73632,1920,34333,1149
"12/14/2013",1559,78272,1659,21632,820
"12/21/2013",1630,72830,1626,24910,602
"12/28/2013",1340,58227,1694,23739,657
"01/04/2014",1453,54739,2364,52047,581
"01/11/2014",2493,62970,2558,33996,952
"01/18/2014",1885,74748,1869,28485,672
"01/25/2014",1652,72413,1598,21403,508
"02/01/2014",1732,62790,1827,26250,547
"02/08/2014",1578,63908,1966,23549,733
"02/15/2014",1480,69706,1783,22633,435
"02/22/2014",1341,64864,1368,19030,384
"03/01/2014",1437,59035,1506,37702,446
"03/08/2014",1407,57717,1584,20192,436
"03/15/2014",1400,60911,1680,18064,446
"03/22/2014",1298,52206,1559,17842,406
"03/29/2014",1335,69853,1700,18288,405
"04/05/2014",1281,55998,1840,17933,554
"04/12/2014",1805,65147,1789,18401,762
"04/19/2014",1502,62283,1584,16673,447
"04/26/2014",1468,61095,1601,40197,391
"05/03/2014",1417,57347,1592,19570,377
"05/10/2014",1385,49657,1649,18183,347
"05/17/2014",1291,54138,1605,16775,460
"05/24/2014",1509,52972,1640,18161,348
"05/31/2014",1396,51099,1587,17597,325
"06/07/2014",1287,61019,2090,18233,388
"06/14/2014",1149,61699,1659,16159,323
"06/21/2014",1098,62235,1780,17588,257
"06/28/2014",1010,54931,1361,18497,259
"07/05/2014",802,50958,1403,23765,261
"07/12/2014",1232,62075,1658,38193,348
"07/19/2014",980,55854,1386,19532,285
"07/26/2014",985,54141,1414,17134,260
"08/02/2014",962,44865,1379,16087,221
"08/09/2014",1021,54983,1191,18008,268
"08/16/2014",1102,46194,1578,17113,262
"08/23/2014",1135,47076,1607,19661,283
"08/30/2014",1182,48636,1384,20930,297
"09/06/2014",962,37681,1301,18125,262
"09/13/2014",1201,42927,1418,18904,381
"09/20/2014",1237,51743,1425,15865,245
"09/27/2014",1291,44004,1338,15152,288
"10/04/2014",1364,45867,1443,19912,351
"10/11/2014",1827,46608,1483,19298,458
"10/18/2014",1429,49372,1434,16339,394
"10/25/2014",1575,52260,1536,18958,468
"11/01/2014",1610,48445,1388,18240,488
"11/08/2014",1992,57975,1454,19040,518
"11/15/2014",1704,40383,1332,20237,985
"11/22/2014",1787,59465,1449,21076,694
"11/29/2014",1284,45715,1159,24045,433
"12/06/2014",1613,51756,1844,30039,550
"12/13/2014",1446,63519,1461,20247,449
"12/20/2014",1525,47410,1344,21747,554
"12/27/2014",1231,53925,1542,19954,677
"01/03/2015",1240,40699,2018,41461,728
"01/10/2015",2244,66844,2123,38971,981
"01/17/2015",1648,62025,1617,26714,698
"01/24/2015",1442,40540,1485,19806,607
"01/31/2015",1525,58614,1548,19507,600
"02/07/2015",1419,60952,1505,23729,720
"02/14/2015",1328,46794,1372,19914,619
"02/21/2015",1155,42949,1177,17392,584
"02/28/2015",1174,47498,1454,38464,714
"03/07/2015",1185,45644,1441,19342,706
"03/14/2015",1227,46640,1392,17153,573
"03/21/2015",1085,44128,1234,16651,550
"03/28/2015",1110,43139,1261,16984,513
"04/04/2015",993,39552,1203,15995,552
"04/11/2015",1383,50106,1473,24362,880
"04/18/2015",1172,51381,1344,33276,606
"04/25/2015",1189,47122,1304,15748,482
"05/02/2015",1083,45340,1361,16567,393
"05/09/2015",1155,45162,1506,14876,537
"05/16/2015",1211,42642,1236,15826,467
"05/23/2015",1384,42556,1235,16197,531
"05/30/2015",1208,34719,1133,15645,484
"06/06/2015",1258,45593,1558,16504,526
"06/13/2015",1018,43043,1305,15092,439
"06/20/2015",824,45226,1435,15247,320
"06/27/2015",842,48166,1120,16820,347
"07/04/2015",795,53876,1072,23275,310
"07/11/2015",1064,46866,1541,38936,489
"07/18/2015",903,48830,1271,17864,367
"07/25/2015",862,44970,1234,15393,326
"08/01/2015",839,41795,1093,14144,310
"08/08/2015",901,44265,1213,15698,371
"08/15/2015",845,44144,1204,15461,326
"08/22/2015",967,42845,957,16299,399
"08/29/2015",991,41519,1384,20951,346
"09/05/2015",1042,42043,1573,16848,380
"09/12/2015",977,36793,1117,14002,341
"09/19/2015",1107,40502,1225,15879,380
"09/26/2015",1185,40108,1029,16565,426
"10/03/2015",1238,42437,1110,14946,467
"10/10/2015",1710,44206,1166,17214,463
"10/17/2015",1490,43519,1206,15039,532
"10/24/2015",1521,45790,1134,16871,595
"10/31/2015",1562,47947,1031,16114,591
"11/07/2015",1905,47563,1085,18311,726
"11/14/2015",1684,45792,968,18272,612
"11/21/2015",1764,53720,1132,19658,775
"11/28/2015",1226,33447,871,16661,688
"12/05/2015",1782,55828,1702,29737,894
"12/12/2015",1424,55799,1090,19456,742
"12/19/2015",1428,52826,1047,18358,842
"12/26/2015",1182,43007,1113,19078,717
"01/02/2016",1131,40790,1599,34260,736
"01/09/2016",2168,58179,1714,41006,1199
"01/16/2016",1659,74572,1245,23563,928
"01/23/2016",1476,53296,994,20339,755
"01/30/2016",1478,50377,1117,19926,788
"02/06/2016",1306,48888,1148,19935,900
"02/13/2016",1258,47493,1017,17905,717
"02/20/2016",1100,41983,987,16575,699
"02/27/2016",1151,46308,1088,34547,692
"03/05/2016",1287,45053,1169,17030,742
"03/12/2016",1176,46415,1144,15505,725
"03/19/2016",1248,44005,1072,14450,575
"03/26/2016",1153,43503,1054,15792,768
"04/02/2016",1121,36384,1410,20358,752
"04/09/2016",1344,48949,1366,18106,1206
"04/16/2016",1293,50068,1294,15598,699
"04/23/2016",1134,46512,1210,15576,603
"04/30/2016",1098,42593,1188,18398,856
"05/07/2016",1096,41788,1217,32963,627
"05/14/2016",1095,43434,1249,17077,512
"05/21/2016",1135,40477,1241,15499,574
"05/28/2016",1194,44307,1142,15923,530
"06/04/2016",1173,35263,1372,15104,528
"06/11/2016",1072,54022,1339,15978,518
"06/18/2016",944,44503,1282,13538,467
"06/25/2016",884,49680,1126,15468,439
"07/02/2016",925,45835,1160,20157,376
"07/09/2016",889,39060,1406,33244,477
"07/16/2016",979,44023,1244,21244,358
"07/23/2016",902,42478,1089,14126,377
"07/30/2016",841,42949,1096,13722,361
"08/06/2016",997,43329,1187,14594,400
"08/13/2016",1025,41676,1043,14259,392
"08/20/2016",1111,38712,986,14134,375
"08/27/2016",1019,40327,1339,19038,404
"09/03/2016",1107,40164,1340,15792,391
"09/10/2016",998,35541,1240,14068,397
"09/17/2016",1230,38694,1247,14514,383
"09/24/2016",1253,37956,1186,12614,367
"10/01/2016",1251,38210,1056,12727,393
"10/08/2016",1648,43375,1276,14814,593
"10/15/2016",1461,45953,1097,17003,533
"10/22/2016",1443,44328,1355,15753,534
"10/29/2016",1675,46269,1145,14899,498
"11/05/2016",1854,47234,1239,17113,654
"11/12/2016",1631,39351,930,15709,538
"11/19/2016",1790,53576,1369,17456,671
"11/26/2016",1246,42261,949,15294,634
"12/03/2016",1665,53715,1680,30354,823
"12/10/2016",1465,50550,1233,17253,879
"12/17/2016",1403,50149,1275,17701,709
"12/24/2016",1356,52651,1395,21249,711
"12/31/2016",1265,37923,1233,23203,607
"01/07/2017",1956,43914,2058,46217,892
"01/14/2017",1566,60805,1488,24064,765
"01/21/2017",1412,61813,1165,17366,509
"01/28/2017",1433,53682,1320,17651,548
"02/04/2017",1356,45334,1261,18544,537
"02/11/2017",1340,49582,1313,17159,552
"02/18/2017",1160,48816,1326,17024,338
"02/25/2017",1015,43232,1131,15053,415
"03/04/2017",1183,45102,1239,32721,566
"03/11/2017",1219,45666,1281,16117,379
"03/18/2017",1156,40934,1137,14555,348
"03/25/2017",1058,42533,1130,20817,337
"04/01/2017",1017,35305,1278,13793,365
"04/08/2017",1401,43681,1535,15255,583
"04/15/2017",1225,47030,1105,15332,497
"04/22/2017",1144,45049,1305,31652,348
"04/29/2017",997,43841,1216,17681,383
"05/06/2017",1117,43019,1309,14865,327
"05/13/2017",950,37508,1210,15413,286
"05/20/2017",1094,37958,1308,14382,363
"05/27/2017",1325,42773,1100,15709,369
"06/03/2017",1137,34471,1394,14537,310
"06/10/2017",1093,40875,1519,15368,327
"06/17/2017",1129,42489,1130,13592,281
"06/24/2017",1145,46625,1304,15169,261
"07/01/2017",876,45959,1102,17948,205
"07/08/2017",855,37766,1322,31836,331
"07/15/2017",820,44612,1388,23539,270
"07/22/2017",833,44915,1102,14408,228
"07/29/2017",882,42409,1131,12892,227
"08/05/2017",845,39473,1216,13689,215
"08/12/2017",860,37034,1178,13983,227
"08/19/2017",875,37776,996,14399,218
"08/26/2017",898,38756,1351,18946,213
"09/02/2017",906,37710,1184,16754,230
"09/09/2017",857,30360,1108,13827,253
"09/16/2017",951,39799,1148,14537,256
"09/23/2017",1048,39288,1098,12001,266
"09/30/2017",1032,37306,1155,15418,290
"10/07/2017",1422,41811,1298,14305,400
"10/14/2017",1228,40924,1164,13455,429
"10/21/2017",1241,41792,1348,14576,392
"10/28/2017",1481,43220,1231,13794,387
"11/04/2017",1646,43598,1239,14844,575
"11/11/2017",1442,44845,996,17916,467
"11/18/2017",1695,50942,1489,17834,509
"11/25/2017",1292,35883,915,14188,448
"12/02/2017",1603,54201,1410,25964,529
"12/09/2017",1349,47709,1285,15701,646
"12/16/2017",1231,47643,1084,17840,492
"12/23/2017",1172,45158,1183,20471,602
"12/30/2017",1197,35300,1333,22444,671
"01/06/2018",1222,47261,1956,49325,561
"01/13/2018",1699,58906,1572,22969,756
"01/20/2018",1238,51673,1062,18019,441
"01/27/2018",1329,48931,1349,18237,467
"02/03/2018",1274,43597,1171,17090,349
"02/10/2018",1192,41083,1332,16054,375
"02/17/2018",1108,40166,1261,15059,377
"02/24/2018",1029,31033,1231,13681,446
"03/03/2018",1033,42650,1217,31931,293
"03/10/2018",1035,44498,1226,13775,506
"03/17/2018",1011,42083,1031,14950,282
"03/24/2018",1024,39115,1157,13767,348
"03/31/2018",1048,39094,1067,13214,332
"04/07/2018",1225,41012,1541,16512,488
"04/14/2018",1088,44989,1348,31885,540
"04/21/2018",984,40627,1193,13409,284
"04/28/2018",944,39901,1339,13406,251
"05/05/2018",865,39017,1261,13158,283
"05/12/2018",791,39349,1147,12165,242
"05/19/2018",914,41498,1158,12266,273
"05/26/2018",1172,37488,1177,13877,260
"06/02/2018",988,35574,1255,12437,276
"06/09/2018",865,40163,1555,13022,378
"06/16/2018",854,41364,1324,11394,241
"06/23/2018",862,46803,1188,13269,291
"06/30/2018",784,40345,1105,16036,215
"07/07/2018",776,35008,1163,31200,264
"07/14/2018",750,41349,1298,21404,227
"07/21/2018",684,39556,1100,13091,238
"07/28/2018",743,36518,1082,11970,213
"08/04/2018",773,37784,1106,12259,237
"08/11/2018",724,36583,1180,12295,212
"08/18/2018",788,37089,1002,11897,183
"08/25/2018",874,35672,871,16747,224
"09/01/2018",839,35336,1710,15865,224
"09/08/2018",751,31292,1334,12100,196
"09/15/2018",837,33316,1178,12564,255
"09/22/2018",947,34287,1217,11810,234
"09/29/2018",901,33347,1115,10966,272
"10/06/2018",922,37931,1355,12678,290
"10/13/2018",1136,40584,1348,11966,562
"10/20/2018",1148,39718,1822,12610,463
"10/27/2018",1224,38048,1385,12532,443
"11/03/2018",1352,40785,1226,13257,583
"11/10/2018",1462,45002,1220,16745,503
"11/17/2018",1342,38120,1098,15079,439
"11/24/2018",1122,33919,900,15882,364
"12/01/2018",1214,54988,1217,24538,570
"12/08/2018",1231,47264,1258,15542,667
"12/15/2018",1198,47398,1118,15170,497
"12/22/2018",1111,48402,1253,16609,549
"12/29/2018",1099,38296,1240,18745,443
"01/05/2019",1240,38492,1903,45031,531
"01/12/2019",1805,53450,1720,21629,772
"01/19/2019",1423,48750,1203,16548,495
"01/26/2019",1119,56718,1084,14582,454
"02/02/2019",1145,48821,1283,18262,428
"02/09/2019",1029,44764,1171,17363,389
"02/16/2019",1022,43432,1154,13542,343
"02/23/2019",904,34363,1196,13984,387
"03/02/2019",926,40996,1278,30233,338
"03/09/2019",949,40810,1133,13719,351
"03/16/2019",955,41050,1155,12893,322
"03/23/2019",850,39760,1055,12622,344
"03/30/2019",887,38461,1249,12983,203
"04/06/2019",891,36170,1285,12550,344
"04/13/2019",992,39369,1128,12103,597
"04/20/2019",862,43854,989,12032,356
"04/27/2019",863,40225,1274,18557,286
"05/04/2019",823,38345,1120,27933,329
"05/11/2019",771,39537,1229,12534,265
"05/18/2019",819,37354,1242,11858,207
"05/25/2019",987,38188,1203,12716,217
"06/01/2019",973,34737,994,13138,440
"06/08/2019",909,41246,1571,13960,389
"06/15/2019",733,38687,1303,12245,298
"06/22/2019",754,44339,1280,11762,264
"06/29/2019",689,42360,1086,14329,348
"07/06/2019",552,35133,1439,25247,442
"07/13/2019",696,39004,1320,25361,443
"07/20/2019",649,39267,1068,11818,241
"07/27/2019",619,38378,1062,11643,178
"08/03/2019",682,35971,1136,11533,186
"08/10/2019",693,41363,1217,12148,215
"08/17/2019",698,35378,1011,12079,236
"08/24/2019",701,34547,1136,16527,239
"08/31/2019",682,34303,1058,15104,232
"09/07/2019",687,30728,1080,11549,222
"09/14/2019",716,34583,1141,12600,244
"09/21/2019",808,35102,936,10819,283
"09/28/2019",866,33187,1033,10878,298
"10/05/2019",856,33295,1268,11809,436
"10/12/2019",1184,40140,1150,14973,476
"10/19/2019",1005,39156,1298,12021,512
"10/26/2019",1109,41025,1123,13013,412
"11/02/2019",1166,39277,955,12947,750
"11/09/2019",1319,45761,1131,15670,798
"11/16/2019",1194,40688,976,15904,521
"11/23/2019",1243,49075,1120,18948,608
"11/30/2019",941,36410,963,13493,589
"12/07/2019",1146,48359,1435,24370,760
"12/14/2019",949,47383,1052,18070,542
"12/21/2019",1027,49868,1110,16038,629
"12/28/2019",860,34205,1245,18374,630
"01/04/2020",981,36683,1825,44818,662
"01/11/2020",1371,51896,1826,23271,829
"01/18/2020",1181,64768,1234,17791,636
"01/25/2020",1003,45518,1014,14982,531
"02/01/2020",1122,43336,1135,16505,529
"02/08/2020",980,40300,1137,14949,589
"02/15/2020",915,43382,1199,14285,598
"02/22/2020",773,34937,1020,14102,389
"02/29/2020",874,41621,1049,31169,471
"03/07/2020",815,43318,1275,13999,534
"03/14/2020",1120,57552,1589,14233,517
"03/21/2020",7847,186262,8817,79946,3653
"03/28/2020",13774,1058221,48596,365816,6396
"04/04/2020",14590,918530,53102,343538,6543
"04/11/2020",12007,654990,34717,393541,5794
"04/18/2020",12201,527905,26591,204111,4381
"04/25/2020",10313,325075,22496,218175,3497
"05/02/2020",8718,315893,15177,194049,2854
"05/09/2020",7807,211945,12329,198054,3297
"05/16/2020",7741,243749,10964,228215,2303
"05/23/2020",8152,202728,9140,188198,2800
"05/30/2020",7452,228067,7702,81135,2421
"06/06/2020",7081,255234,7338,92939,2013
"06/13/2020",6797,240665,7248,94797,1539
"06/20/2020",6757,283622,7178,88594,1402
"06/27/2020",6467,276649,8193,89339,1418
"07/04/2020",6124,263995,7648,93142,1338
"07/11/2020",9572,284218,7668,91059,1485
"07/18/2020",6606,288995,7581,87824,2664
"07/25/2020",6069,244105,5885,84800,1600
"08/01/2020",5195,221424,5049,73861,1130
"08/08/2020",4619,202136,5296,52546,1115
"08/15/2020",4731,189907,5493,62408,861
"08/22/2020",4344,196548,5775,62487,963
"08/29/2020",4057,219184,6748,63149,957
"09/05/2020",3817,243054,7464,64548,793
"09/12/2020",3593,225715,7307,61766,697
"09/19/2020",3631,225899,6757,69663,746
"09/26/2020",3600,171092,5682,64602,801
"10/03/2020",3719,148165,5083,64072,759
"10/10/2020",5708,175996,4873,66292,944
"10/17/2020",4608,159807,5104,54789,1375
"10/24/2020",4388,152081,4906,51507,1129
"10/31/2020",4451,152334,4689,45578,981
"11/07/2020",4545,157657,4245,43741,1182
"11/14/2020",4605,158790,4328,43312,940
"11/21/2020",4531,168175,4229,46746,1005
"11/28/2020",3834,130355,3543,45806,610
"12/05/2020",4525,178662,4272,62569,907
"12/12/2020",4507,204360,4628,58049,934
"12/19/2020",4016,158652,3974,41056,964
"12/26/2020",3923,168724,3464,51362,832
"01/02/2021",2947,160954,3984,56871,886
"01/09/2021",3900,182550,5058,73031,1315
"01/16/2021",4902,117100,4502,62011,1166
"01/23/2021",3975,58098,3898,66161,1021
"01/30/2021",4190,109101,3809,77297,979
"02/06/2021",3997,137749,3624,59819,897
"02/13/2021",3468,139561,3875,56799,999
"02/20/2021",3994,90364,2846,47759,968
"02/27/2021",3781,88910,2669,60072,981
"03/06/2021",3340,106695,2471,48170,859
"03/13/2021",3233,109264,2663,47159,807
"03/20/2021",2773,95934,3287,35927,804
"03/27/2021",3330,106311,5598,39646,852
"04/03/2021",3707,81263,4587,42238,874
"04/10/2021",4553,69272,3939,58282,1293
"04/17/2021",3904,72702,3598,41508,2003
"04/24/2021",3398,78359,3205,40932,1163
"05/01/2021",2829,70564,2794,31422,858
"05/08/2021",3093,69667,2777,23286,774
"05/15/2021",2755,70183,2543,20696,676
"05/22/2021",3103,71004,2391,19428,568
"05/29/2021",2959,71939,2175,19553,416
"06/05/2021",2166,52741,2020,18468,512
"06/12/2021",1744,67940,2043,19141,481
"06/19/2021",1656,63824,2215,18428,404
"06/26/2021",1591,56195,1846,20253,387
"07/03/2021",1348,58727,2318,25006,329
"07/10/2021",1852,56811,2966,33192,410
"07/17/2021",1631,56358,2738,22468,330
"07/24/2021",1520,64401,2639,18802,304
"07/31/2021",1558,62111,1945,17443,302
"08/07/2021",1322,65399,2150,14526,302
"08/14/2021",1362,64627,2093,14702,278
"08/21/2021",1787,63279,2018,14904,284
"08/28/2021",1117,56285,2206,18692,341
"09/04/2021",1115,57502,2390,15666,314
"09/11/2021",1140,51558,2051,16760,260
"09/18/2021",1237,68771,3526,14486,294
"09/25/2021",1237,78675,3986,15381,321
"10/02/2021",1168,63953,2383,14149,343
"10/09/2021",1423,63099,2261,15376,447
"10/16/2021",1311,72846,1814,13249,540
"10/23/2021",1338,59722,1863,13574,495
"10/30/2021",1379,59235,1701,13570,526
"11/06/2021",1438,54998,1654,14463,613
"11/13/2021",1423,59684,1549,14158,549
"11/20/2021",1451,52442,1544,14946,586
"11/27/2021",1253,46837,1204,14856,420
"12/04/2021",1400,55318,1851,23373,620
"12/11/2021",1258,55874,1615,15218,558
"12/18/2021",1278,56083,1858,15356,563
"12/25/2021",1134,48792,1394,17647,559
"01/01/2022",1055,50121,1769,26462,577
"01/08/2022",1475,61428,2836,37091,952
"01/15/2022",1242,62206,2223,23229,569
"01/22/2022",1168,54144,1677,17505,409
"01/29/2022",1173,51553,1541,18186,498
"02/05/2022",1099,47317,1479,16667,501
"02/12/2022",1120,45692,1474,16254,435
"02/19/2022",972,43518,1403,13223,359
"02/26/2022",905,38094,1060,13231,483
"03/05/2022",969,43553,1312,29392,408
"03/12/2022",997,44830,1203,13288,401
"03/19/2022",917,39020,1267,12737,433
"03/26/2022",856,42261,1154,13482,301
"04/02/2022",825,43351,1605,12595,294
"04/09/2022",960,46548,1385,14081,452
"04/16/2022",853,46242,1028,11165,587
"04/23/2022",854,43371,1143,15941,491
"04/30/2022",811,40562,1104,23272,314
"05/07/2022",799,43618,1262,13360,275
"05/14/2022",716,45589,1243,13338,248
"05/21/2022",815,39469,1164,11902,289
"05/28/2022",946,41388,1220,12947,293
"06/04/2022",757,41174,1285,12325,255
"06/11/2022",776,45134,1332,12500,306
"06/18/2022",731,43950,1336,12411,286
"06/25/2022",698,41452,1086,12124,295
"07/02/2022",632,44282,1200,17292,256
"07/09/2022",710,40458,1075,27348,288
"07/16/2022",667,43149,1240,20151,235
"07/23/2022",640,40008,1127,14375,220
"07/30/2022",644,39632,1271,13396,203
"08/06/2022",766,42384,1184,13488,222
"08/13/2022",687,39187,1041,13307,285
"08/20/2022",680,37043,931,13675,239
"08/27/2022",649,36255,1194,18333,207
"09/03/2022",652,36517,1097,14664,222
"09/10/2022",583,33465,1034,11759,218
"09/17/2022",642,34579,1055,13476,181
"09/24/2022",596,34328,948,12070,213
"10/01/2022",651,35571,937,11739,270
"10/08/2022",849,40554,1071,15119,399
"10/15/2022",829,37730,1263,12009,379
"10/22/2022",961,37986,1223,13748,427
"10/29/2022",1034,39984,1041,13580,438
"11/05/2022",1141,43419,718,13968,528



"Publisher:", "United States Department of Labor"
"Copyright:", "The data contained in Data Planet(tm): A SAGE Publishing Resource is made available via license agreement with subscribing organizations. Your organization's license may vary from this version."